$ Basic wingbox mesh generated by mdo_agent_mesh
SOL 101
CEND
  SPC = 1
BEGIN BULK
MAT1,1,7.0E10,,0.33,2700.0
$HMNAME PROP 1 "RIBS/RIB.000/BAY.000"
PSHELL,1,1,0.010000
$HMNAME PROP 2 "RIBS/RIB.001/BAY.000"
PSHELL,2,1,0.010000
$HMNAME PROP 3 "RIBS/RIB.002/BAY.000"
PSHELL,3,1,0.010000
$HMNAME PROP 4 "RIBS/RIB.003/BAY.000"
PSHELL,4,1,0.010000
$HMNAME PROP 5 "RIBS/RIB.004/BAY.000"
PSHELL,5,1,0.010000
$HMNAME PROP 6 "RIBS/RIB.005/BAY.000"
PSHELL,6,1,0.010000
$HMNAME PROP 7 "RIBS/RIB.006/BAY.000"
PSHELL,7,1,0.010000
$HMNAME PROP 8 "RIBS/RIB.007/BAY.000"
PSHELL,8,1,0.010000
$HMNAME PROP 9 "SPARS/SPAR.000/BAY.000"
PSHELL,9,1,0.010000
$HMNAME PROP 10 "SPARS/SPAR.000/BAY.001"
PSHELL,10,1,0.010000
$HMNAME PROP 11 "SPARS/SPAR.000/BAY.002"
PSHELL,11,1,0.010000
$HMNAME PROP 12 "SPARS/SPAR.000/BAY.003"
PSHELL,12,1,0.010000
$HMNAME PROP 13 "SPARS/SPAR.000/BAY.004"
PSHELL,13,1,0.010000
$HMNAME PROP 14 "SPARS/SPAR.000/BAY.005"
PSHELL,14,1,0.010000
$HMNAME PROP 15 "SPARS/SPAR.000/BAY.006"
PSHELL,15,1,0.010000
$HMNAME PROP 16 "SPARS/SPAR.000/BAY.007"
PSHELL,16,1,0.010000
$HMNAME PROP 17 "SPARS/SPAR.001/BAY.000"
PSHELL,17,1,0.010000
$HMNAME PROP 18 "SPARS/SPAR.001/BAY.001"
PSHELL,18,1,0.010000
$HMNAME PROP 19 "SPARS/SPAR.001/BAY.002"
PSHELL,19,1,0.010000
$HMNAME PROP 20 "SPARS/SPAR.001/BAY.003"
PSHELL,20,1,0.010000
$HMNAME PROP 21 "SPARS/SPAR.001/BAY.004"
PSHELL,21,1,0.010000
$HMNAME PROP 22 "SPARS/SPAR.001/BAY.005"
PSHELL,22,1,0.010000
$HMNAME PROP 23 "SPARS/SPAR.001/BAY.006"
PSHELL,23,1,0.010000
$HMNAME PROP 24 "SPARS/SPAR.001/BAY.007"
PSHELL,24,1,0.010000
$HMNAME PROP 25 "U_SKIN/BAY.000/SEG.000"
PSHELL,25,1,0.010000
$HMNAME PROP 26 "U_SKIN/BAY.001/SEG.000"
PSHELL,26,1,0.010000
$HMNAME PROP 27 "U_SKIN/BAY.002/SEG.000"
PSHELL,27,1,0.010000
$HMNAME PROP 28 "U_SKIN/BAY.003/SEG.000"
PSHELL,28,1,0.010000
$HMNAME PROP 29 "U_SKIN/BAY.004/SEG.000"
PSHELL,29,1,0.010000
$HMNAME PROP 30 "U_SKIN/BAY.005/SEG.000"
PSHELL,30,1,0.010000
$HMNAME PROP 31 "U_SKIN/BAY.006/SEG.000"
PSHELL,31,1,0.010000
$HMNAME PROP 32 "U_SKIN/BAY.007/SEG.000"
PSHELL,32,1,0.010000
$HMNAME PROP 33 "L_SKIN/BAY.000/SEG.000"
PSHELL,33,1,0.010000
$HMNAME PROP 34 "L_SKIN/BAY.001/SEG.000"
PSHELL,34,1,0.010000
$HMNAME PROP 35 "L_SKIN/BAY.002/SEG.000"
PSHELL,35,1,0.010000
$HMNAME PROP 36 "L_SKIN/BAY.003/SEG.000"
PSHELL,36,1,0.010000
$HMNAME PROP 37 "L_SKIN/BAY.004/SEG.000"
PSHELL,37,1,0.010000
$HMNAME PROP 38 "L_SKIN/BAY.005/SEG.000"
PSHELL,38,1,0.010000
$HMNAME PROP 39 "L_SKIN/BAY.006/SEG.000"
PSHELL,39,1,0.010000
$HMNAME PROP 40 "L_SKIN/BAY.007/SEG.000"
PSHELL,40,1,0.010000
GRID,1,,0.217873570307,0.362492128366,0.033333318458
GRID,2,,0.246884489010,0.362492128366,0.034649352385
GRID,3,,0.275895407712,0.362492128366,0.035879816245
GRID,4,,0.304906326415,0.362492128366,0.037110280106
GRID,5,,0.333917245117,0.362492128366,0.037190793973
GRID,6,,0.362928163819,0.362492128366,0.036025286353
GRID,7,,0.391939082522,0.362492128366,0.034865779499
GRID,8,,0.420950001224,0.362492128366,0.033778321917
GRID,9,,0.449960919927,0.362492128366,0.032690864335
GRID,10,,0.478971838629,0.362492128366,0.031603406754
GRID,11,,0.507982757331,0.362492128366,0.030163247512
GRID,12,,0.536993676034,0.362492128366,0.027678718770
GRID,13,,0.566004594736,0.362492128366,0.025194190029
GRID,14,,0.595015513438,0.362492128366,0.022709661287
GRID,15,,0.624026432141,0.362492128366,0.020122561266
GRID,16,,0.653037350843,0.362492128366,0.017404755788
GRID,17,,0.682048269545,0.362492128366,0.014660290395
GRID,18,,0.711059188248,0.362492128366,0.011362002236
GRID,19,,0.740070106950,0.362492128366,0.008063714077
GRID,20,,0.769081025653,0.362492128366,0.004727233679
GRID,21,,0.798091944355,0.362492128366,0.001081491713
GRID,22,,0.217873570307,0.362492128366,-0.003740052162
GRID,23,,0.246884489010,0.362492128366,-0.003196940777
GRID,24,,0.275895407712,0.362492128366,-0.002726452900
GRID,25,,0.304906326415,0.362492128366,-0.002255965024
GRID,26,,0.333917245117,0.362492128366,-0.002227659742
GRID,27,,0.362928163819,0.362492128366,-0.002689318045
GRID,28,,0.391939082522,0.362492128366,-0.003145598184
GRID,29,,0.420950001224,0.362492128366,-0.003540094301
GRID,30,,0.449960919927,0.362492128366,-0.003934590417
GRID,31,,0.478971838629,0.362492128366,-0.004329086534
GRID,32,,0.507982757331,0.362492128366,-0.004849716848
GRID,33,,0.536993676034,0.362492128366,-0.005773395534
GRID,34,,0.566004594736,0.362492128366,-0.006697074220
GRID,35,,0.595015513438,0.362492128366,-0.007620752906
GRID,36,,0.624026432141,0.362492128366,-0.008633668057
GRID,37,,0.653037350843,0.362492128366,-0.009758241039
GRID,38,,0.682048269545,0.362492128366,-0.010882384877
GRID,39,,0.711059188248,0.362492128366,-0.012125733959
GRID,40,,0.740070106950,0.362492128366,-0.013369083041
GRID,41,,0.769081025653,0.362492128366,-0.014646999892
GRID,42,,0.798091944355,0.362492128366,-0.016191972393
GRID,43,,0.217873570307,0.362492128366,-0.040813422783
GRID,44,,0.246884489010,0.362492128366,-0.041043233939
GRID,45,,0.275895407712,0.362492128366,-0.041332722046
GRID,46,,0.304906326415,0.362492128366,-0.041622210154
GRID,47,,0.333917245117,0.362492128366,-0.041646113458
GRID,48,,0.362928163819,0.362492128366,-0.041403922442
GRID,49,,0.391939082522,0.362492128366,-0.041156975866
GRID,50,,0.420950001224,0.362492128366,-0.040858510518
GRID,51,,0.449960919927,0.362492128366,-0.040560045170
GRID,52,,0.478971838629,0.362492128366,-0.040261579822
GRID,53,,0.507982757331,0.362492128366,-0.039862681208
GRID,54,,0.536993676034,0.362492128366,-0.039225509839
GRID,55,,0.566004594736,0.362492128366,-0.038588338469
GRID,56,,0.595015513438,0.362492128366,-0.037951167100
GRID,57,,0.624026432141,0.362492128366,-0.037389897380
GRID,58,,0.653037350843,0.362492128366,-0.036921237867
GRID,59,,0.682048269545,0.362492128366,-0.036425060148
GRID,60,,0.711059188248,0.362492128366,-0.035613470154
GRID,61,,0.740070106950,0.362492128366,-0.034801880160
GRID,62,,0.769081025653,0.362492128366,-0.034021233463
GRID,63,,0.798091944355,0.362492128366,-0.033465436498
GRID,64,,0.217873570307,0.362492128366,-0.077886793404
GRID,65,,0.246884489010,0.362492128366,-0.078889527100
GRID,66,,0.275895407712,0.362492128366,-0.079938991192
GRID,67,,0.304906326415,0.362492128366,-0.080988455284
GRID,68,,0.333917245117,0.362492128366,-0.081064567173
GRID,69,,0.362928163819,0.362492128366,-0.080118526840
GRID,70,,0.391939082522,0.362492128366,-0.079168353549
GRID,71,,0.420950001224,0.362492128366,-0.078176926736
GRID,72,,0.449960919927,0.362492128366,-0.077185499923
GRID,73,,0.478971838629,0.362492128366,-0.076194073110
GRID,74,,0.507982757331,0.362492128366,-0.074875645569
GRID,75,,0.536993676034,0.362492128366,-0.072677624143
GRID,76,,0.566004594736,0.362492128366,-0.070479602718
GRID,77,,0.595015513438,0.362492128366,-0.068281581293
GRID,78,,0.624026432141,0.362492128366,-0.066146126704
GRID,79,,0.653037350843,0.362492128366,-0.064084234694
GRID,80,,0.682048269545,0.362492128366,-0.061967735419
GRID,81,,0.711059188248,0.362492128366,-0.059101206349
GRID,82,,0.740070106950,0.362492128366,-0.056234677279
GRID,83,,0.769081025653,0.362492128366,-0.053395467034
GRID,84,,0.798091944355,0.362492128366,-0.050738900604
GRID,85,,0.237484321049,0.724984256731,0.011007009915
GRID,86,,0.265766735519,0.724984256731,0.012531658004
GRID,87,,0.294049149989,0.724984256731,0.013892532409
GRID,88,,0.322331564459,0.724984256731,0.015239078736
GRID,89,,0.350613978928,0.724984256731,0.015303947475
GRID,90,,0.378896393398,0.724984256731,0.014075555128
GRID,91,,0.407178807868,0.724984256731,0.012847162781
GRID,92,,0.435461222338,0.724984256731,0.011654938769
GRID,93,,0.463743636808,0.724984256731,0.010518698654
GRID,94,,0.492026051278,0.724984256731,0.009382458540
GRID,95,,0.520308465748,0.724984256731,0.007860748440
GRID,96,,0.548590880217,0.724984256731,0.005211190811
GRID,97,,0.576873294687,0.724984256731,0.002561633183
GRID,98,,0.605155709157,0.724984256731,-0.000123544350
GRID,99,,0.633438123627,0.724984256731,-0.003049028440
GRID,100,,0.661720538097,0.724984256731,-0.005974512529
GRID,101,,0.690002952567,0.724984256731,-0.008924464887
GRID,102,,0.718285367036,0.724984256731,-0.012478657238
GRID,103,,0.746567781506,0.724984256731,-0.016032849588
GRID,104,,0.774850195976,0.724984256731,-0.019848403536
GRID,105,,0.803132610446,0.724984256731,-0.023814509448
GRID,106,,0.237484321049,0.724984256731,-0.026091546223
GRID,107,,0.265766735519,0.724984256731,-0.025356353401
GRID,108,,0.294049149989,0.724984256731,-0.024760842075
GRID,109,,0.322331564459,0.724984256731,-0.024177185402
GRID,110,,0.350613978928,0.724984256731,-0.024138199421
GRID,111,,0.378896393398,0.724984256731,-0.024667621548
GRID,112,,0.407178807868,0.724984256731,-0.025197043676
GRID,113,,0.435461222338,0.724984256731,-0.025694793032
GRID,114,,0.463743636808,0.724984256731,-0.026144858457
GRID,115,,0.492026051278,0.724984256731,-0.026594923882
GRID,116,,0.520308465748,0.724984256731,-0.027195943682
GRID,117,,0.548590880217,0.724984256731,-0.028292277083
GRID,118,,0.576873294687,0.724984256731,-0.029388610485
GRID,119,,0.605155709157,0.724984256731,-0.030517793062
GRID,120,,0.633438123627,0.724984256731,-0.031851808116
GRID,121,,0.661720538097,0.724984256731,-0.033185823169
GRID,122,,0.690002952567,0.724984256731,-0.034515483314
GRID,123,,0.718285367036,0.724984256731,-0.036021659422
GRID,124,,0.746567781506,0.724984256731,-0.037527835529
GRID,125,,0.774850195976,0.724984256731,-0.039264254353
GRID,126,,0.803132610446,0.724984256731,-0.041127875262
GRID,127,,0.237484321049,0.724984256731,-0.063190102362
GRID,128,,0.265766735519,0.724984256731,-0.063244364807
GRID,129,,0.294049149989,0.724984256731,-0.063414216558
GRID,130,,0.322331564459,0.724984256731,-0.063593449539
GRID,131,,0.350613978928,0.724984256731,-0.063580346318
GRID,132,,0.378896393398,0.724984256731,-0.063410798225
GRID,133,,0.407178807868,0.724984256731,-0.063241250132
GRID,134,,0.435461222338,0.724984256731,-0.063044524832
GRID,135,,0.463743636808,0.724984256731,-0.062808415567
GRID,136,,0.492026051278,0.724984256731,-0.062572306303
GRID,137,,0.520308465748,0.724984256731,-0.062252635804
GRID,138,,0.548590880217,0.724984256731,-0.061795744978
GRID,139,,0.576873294687,0.724984256731,-0.061338854152
GRID,140,,0.605155709157,0.724984256731,-0.060912041775
GRID,141,,0.633438123627,0.724984256731,-0.060654587792
GRID,142,,0.661720538097,0.724984256731,-0.060397133809
GRID,143,,0.690002952567,0.724984256731,-0.060106501741
GRID,144,,0.718285367036,0.724984256731,-0.059564661606
GRID,145,,0.746567781506,0.724984256731,-0.059022821471
GRID,146,,0.774850195976,0.724984256731,-0.058680105171
GRID,147,,0.803132610446,0.724984256731,-0.058441241076
GRID,148,,0.237484321049,0.724984256731,-0.100288658500
GRID,149,,0.265766735519,0.724984256731,-0.101132376212
GRID,150,,0.294049149989,0.724984256731,-0.102067591041
GRID,151,,0.322331564459,0.724984256731,-0.103009713677
GRID,152,,0.350613978928,0.724984256731,-0.103022493214
GRID,153,,0.378896393398,0.724984256731,-0.102153974901
GRID,154,,0.407178807868,0.724984256731,-0.101285456588
GRID,155,,0.435461222338,0.724984256731,-0.100394256632
GRID,156,,0.463743636808,0.724984256731,-0.099471972678
GRID,157,,0.492026051278,0.724984256731,-0.098549688724
GRID,158,,0.520308465748,0.724984256731,-0.097309327926
GRID,159,,0.548590880217,0.724984256731,-0.095299212873
GRID,160,,0.576873294687,0.724984256731,-0.093289097820
GRID,161,,0.605155709157,0.724984256731,-0.091306290487
GRID,162,,0.633438123627,0.724984256731,-0.089457367468
GRID,163,,0.661720538097,0.724984256731,-0.087608444449
GRID,164,,0.690002952567,0.724984256731,-0.085697520168
GRID,165,,0.718285367036,0.724984256731,-0.083107663790
GRID,166,,0.746567781506,0.724984256731,-0.080517807412
GRID,167,,0.774850195976,0.724984256731,-0.078095955989
GRID,168,,0.803132610446,0.724984256731,-0.075754606890
GRID,169,,0.257095071791,1.087476385097,-0.011291628618
GRID,170,,0.284648982028,1.087476385097,-0.009610913439
GRID,171,,0.312202892265,1.087476385097,-0.008122987958
GRID,172,,0.339756802502,1.087476385097,-0.006637612067
GRID,173,,0.367310712740,1.087476385097,-0.006589701511
GRID,174,,0.394864622977,1.087476385097,-0.007887461820
GRID,175,,0.422418533214,1.087476385097,-0.009185222129
GRID,176,,0.449972443452,1.087476385097,-0.010436636424
GRID,177,,0.477526353689,1.087476385097,-0.011633387589
GRID,178,,0.505080263926,1.087476385097,-0.012830138754
GRID,179,,0.532634174164,1.087476385097,-0.014451971103
GRID,180,,0.560188084401,1.087476385097,-0.017302099974
GRID,181,,0.587741994638,1.087476385097,-0.020152228844
GRID,182,,0.615295904876,1.087476385097,-0.023023855285
GRID,183,,0.642849815113,1.087476385097,-0.026177071404
GRID,184,,0.670403725350,1.087476385097,-0.029330287523
GRID,185,,0.697957635588,1.087476385097,-0.032505919263
GRID,186,,0.725511545825,1.087476385097,-0.036369865406
GRID,187,,0.753065456062,1.087476385097,-0.040233811548
GRID,188,,0.780619366300,1.087476385097,-0.044362518106
GRID,189,,0.808173276537,1.087476385097,-0.048680126881
GRID,190,,0.257095071791,1.087476385097,-0.048419307779
GRID,191,,0.284648982028,1.087476385097,-0.047536788565
GRID,192,,0.312202892265,1.087476385097,-0.046818833264
GRID,193,,0.339756802502,1.087476385097,-0.046102577690
GRID,194,,0.367310712740,1.087476385097,-0.046054958519
GRID,195,,0.394864622977,1.087476385097,-0.046657803890
GRID,196,,0.422418533214,1.087476385097,-0.047260649262
GRID,197,,0.449972443452,1.087476385097,-0.047822690534
GRID,198,,0.477526353689,1.087476385097,-0.048338475698
GRID,199,,0.505080263926,1.087476385097,-0.048854260861
GRID,200,,0.532634174164,1.087476385097,-0.049553171139
GRID,201,,0.560188084401,1.087476385097,-0.050852824359
GRID,202,,0.587741994638,1.087476385097,-0.052152477579
GRID,203,,0.615295904876,1.087476385097,-0.053474341002
GRID,204,,0.642849815113,1.087476385097,-0.055035146568
GRID,205,,0.670403725350,1.087476385097,-0.056595952134
GRID,206,,0.697957635588,1.087476385097,-0.058149728265
GRID,207,,0.725511545825,1.087476385097,-0.059965345643
GRID,208,,0.753065456062,1.087476385097,-0.061780963022
GRID,209,,0.780619366300,1.087476385097,-0.063831994246
GRID,210,,0.808173276537,1.087476385097,-0.066041110349
GRID,211,,0.257095071791,1.087476385097,-0.085546986941
GRID,212,,0.284648982028,1.087476385097,-0.085462663692
GRID,213,,0.312202892265,1.087476385097,-0.085514678571
GRID,214,,0.339756802502,1.087476385097,-0.085567543313
GRID,215,,0.367310712740,1.087476385097,-0.085520215528
GRID,216,,0.394864622977,1.087476385097,-0.085428145961
GRID,217,,0.422418533214,1.087476385097,-0.085336076394
GRID,218,,0.449972443452,1.087476385097,-0.085208744645
GRID,219,,0.477526353689,1.087476385097,-0.085043563806
GRID,220,,0.505080263926,1.087476385097,-0.084878382968
GRID,221,,0.532634174164,1.087476385097,-0.084654371174
GRID,222,,0.560188084401,1.087476385097,-0.084403548744
GRID,223,,0.587741994638,1.087476385097,-0.084152726314
GRID,224,,0.615295904876,1.087476385097,-0.083924826720
GRID,225,,0.642849815113,1.087476385097,-0.083893221732
GRID,226,,0.670403725350,1.087476385097,-0.083861616745
GRID,227,,0.697957635588,1.087476385097,-0.083793537266
GRID,228,,0.725511545825,1.087476385097,-0.083560825881
GRID,229,,0.753065456062,1.087476385097,-0.083328114496
GRID,230,,0.780619366300,1.087476385097,-0.083301470385
GRID,231,,0.808173276537,1.087476385097,-0.083402093817
GRID,232,,0.257095071791,1.087476385097,-0.122674666102
GRID,233,,0.284648982028,1.087476385097,-0.123388538819
GRID,234,,0.312202892265,1.087476385097,-0.124210523877
GRID,235,,0.339756802502,1.087476385097,-0.125032508935
GRID,236,,0.367310712740,1.087476385097,-0.124985472536
GRID,237,,0.394864622977,1.087476385097,-0.124198488031
GRID,238,,0.422418533214,1.087476385097,-0.123411503527
GRID,239,,0.449972443452,1.087476385097,-0.122594798755
GRID,240,,0.477526353689,1.087476385097,-0.121748651915
GRID,241,,0.505080263926,1.087476385097,-0.120902505075
GRID,242,,0.532634174164,1.087476385097,-0.119755571210
GRID,243,,0.560188084401,1.087476385097,-0.117954273129
GRID,244,,0.587741994638,1.087476385097,-0.116152975048
GRID,245,,0.615295904876,1.087476385097,-0.114375312437
GRID,246,,0.642849815113,1.087476385097,-0.112751296897
GRID,247,,0.670403725350,1.087476385097,-0.111127281356
GRID,248,,0.697957635588,1.087476385097,-0.109437346268
GRID,249,,0.725511545825,1.087476385097,-0.107156306119
GRID,250,,0.753065456062,1.087476385097,-0.104875265970
GRID,251,,0.780619366300,1.087476385097,-0.102770946525
GRID,252,,0.808173276537,1.087476385097,-0.100763077285
GRID,253,,0.276705822532,1.449968513462,-0.033582569889
GRID,254,,0.303531228537,1.449968513462,-0.031785601699
GRID,255,,0.330356634542,1.449968513462,-0.030149323339
GRID,256,,0.357182040546,1.449968513462,-0.028513044979
GRID,257,,0.384007446551,1.449968513462,-0.028486375977
GRID,258,,0.410832852556,1.449968513462,-0.029851702722
GRID,259,,0.437658258561,1.449968513462,-0.031217029468
GRID,260,,0.464483664566,1.449968513462,-0.032511709295
GRID,261,,0.491309070570,1.449968513462,-0.033775157818
GRID,262,,0.518134476575,1.449968513462,-0.035038606340
GRID,263,,0.544959882580,1.449968513462,-0.036771010624
GRID,264,,0.571785288585,1.449968513462,-0.039840858129
GRID,265,,0.598610694590,1.449968513462,-0.042910705635
GRID,266,,0.625436100594,1.449968513462,-0.045980553140
GRID,267,,0.652261506599,1.449968513462,-0.049309699241
GRID,268,,0.679086912604,1.449968513462,-0.052685940945
GRID,269,,0.705912318609,1.449968513462,-0.056081836076
GRID,270,,0.732737724614,1.449968513462,-0.060285290590
GRID,271,,0.759563130618,1.449968513462,-0.064488745104
GRID,272,,0.786388536623,1.449968513462,-0.068878470381
GRID,273,,0.813213942628,1.449968513462,-0.073541855882
GRID,274,,0.276705822532,1.449968513463,-0.070740308415
GRID,275,,0.303531228537,1.449968513463,-0.069744807929
GRID,276,,0.330356634542,1.449968513463,-0.068885569255
GRID,277,,0.357182040546,1.449968513463,-0.068026330580
GRID,278,,0.384007446551,1.449968513463,-0.067974698412
GRID,279,,0.410832852556,1.449968513463,-0.068649497842
GRID,280,,0.437658258561,1.449968513463,-0.069324297271
GRID,281,,0.464483664566,1.449968513463,-0.069937015560
GRID,282,,0.491309070570,1.449968513463,-0.070523922162
GRID,283,,0.518134476575,1.449968513463,-0.071110828765
GRID,284,,0.544959882580,1.449968513463,-0.071918384340
GRID,285,,0.571785288585,1.449968513463,-0.073437923405
GRID,286,,0.598610694590,1.449968513463,-0.074957462470
GRID,287,,0.625436100594,1.449968513463,-0.076477001535
GRID,288,,0.652261506599,1.449968513463,-0.078225189990
GRID,289,,0.679086912604,1.449968513463,-0.080008812352
GRID,290,,0.705912318609,1.449968513463,-0.081783800281
GRID,291,,0.732737724614,1.449968513463,-0.083934509051
GRID,292,,0.759563130618,1.449968513463,-0.086085217821
GRID,293,,0.786388536623,1.449968513463,-0.088405303212
GRID,294,,0.813213942628,1.449968513463,-0.090954756682
GRID,295,,0.276705822532,1.449968513462,-0.107898046941
GRID,296,,0.303531228537,1.449968513462,-0.107704014159
GRID,297,,0.330356634542,1.449968513462,-0.107621815170
GRID,298,,0.357182040546,1.449968513462,-0.107539616182
GRID,299,,0.384007446551,1.449968513462,-0.107463020847
GRID,300,,0.410832852556,1.449968513462,-0.107447292961
GRID,301,,0.437658258561,1.449968513462,-0.107431565075
GRID,302,,0.464483664566,1.449968513462,-0.107362321825
GRID,303,,0.491309070570,1.449968513462,-0.107272686507
GRID,304,,0.518134476575,1.449968513462,-0.107183051189
GRID,305,,0.544959882580,1.449968513462,-0.107065758057
GRID,306,,0.571785288585,1.449968513462,-0.107034988681
GRID,307,,0.598610694590,1.449968513462,-0.107004219306
GRID,308,,0.625436100594,1.449968513462,-0.106973449930
GRID,309,,0.652261506599,1.449968513462,-0.107140680740
GRID,310,,0.679086912604,1.449968513462,-0.107331683759
GRID,311,,0.705912318609,1.449968513462,-0.107485764487
GRID,312,,0.732737724614,1.449968513462,-0.107583727512
GRID,313,,0.759563130618,1.449968513462,-0.107681690538
GRID,314,,0.786388536623,1.449968513462,-0.107932136042
GRID,315,,0.813213942628,1.449968513462,-0.108367657481
GRID,316,,0.276705822532,1.449968513462,-0.145055785466
GRID,317,,0.303531228537,1.449968513462,-0.145663220388
GRID,318,,0.330356634542,1.449968513462,-0.146358061086
GRID,319,,0.357182040546,1.449968513462,-0.147052901783
GRID,320,,0.384007446551,1.449968513462,-0.146951343281
GRID,321,,0.410832852556,1.449968513462,-0.146245088080
GRID,322,,0.437658258561,1.449968513462,-0.145538832879
GRID,323,,0.464483664566,1.449968513462,-0.144787628090
GRID,324,,0.491309070570,1.449968513462,-0.144021450851
GRID,325,,0.518134476575,1.449968513462,-0.143255273613
GRID,326,,0.544959882580,1.449968513462,-0.142213131774
GRID,327,,0.571785288585,1.449968513462,-0.140632053957
GRID,328,,0.598610694590,1.449968513462,-0.139050976141
GRID,329,,0.625436100594,1.449968513462,-0.137469898324
GRID,330,,0.652261506599,1.449968513462,-0.136056171489
GRID,331,,0.679086912604,1.449968513462,-0.134654555166
GRID,332,,0.705912318609,1.449968513462,-0.133187728692
GRID,333,,0.732737724614,1.449968513462,-0.131232945974
GRID,334,,0.759563130618,1.449968513462,-0.129278163255
GRID,335,,0.786388536623,1.449968513462,-0.127458968873
GRID,336,,0.813213942628,1.449968513462,-0.125780558281
GRID,337,,0.296316573273,1.812460641828,-0.055888508683
GRID,338,,0.322413475046,1.812460641828,-0.053946249892
GRID,339,,0.348510376818,1.812460641828,-0.052162612001
GRID,340,,0.374607278590,1.812460641828,-0.050378974111
GRID,341,,0.400704180363,1.812460641828,-0.050381526110
GRID,342,,0.426801082135,1.812460641828,-0.051804053336
GRID,343,,0.452897983907,1.812460641828,-0.053226580561
GRID,344,,0.478994885679,1.812460641828,-0.054592498549
GRID,345,,0.505091787452,1.812460641828,-0.055920746776
GRID,346,,0.531188689224,1.812460641828,-0.057248995003
GRID,347,,0.557285590996,1.812460641828,-0.059090298825
GRID,348,,0.583382492769,1.812460641828,-0.062374851092
GRID,349,,0.609479394541,1.812460641828,-0.065659403360
GRID,350,,0.635576296313,1.812460641828,-0.068943955627
GRID,351,,0.661673198085,1.812460641828,-0.072497879743
GRID,352,,0.687770099858,1.812460641828,-0.076066616499
GRID,353,,0.713867001630,1.812460641828,-0.079650399882
GRID,354,,0.739963903402,1.812460641828,-0.084187140662
GRID,355,,0.766060805174,1.812460641828,-0.088723881441
GRID,356,,0.792157706947,1.812460641828,-0.093464435785
GRID,357,,0.818254608719,1.812460641828,-0.098428990477
GRID,358,,0.296316573273,1.812460641828,-0.093073896711
GRID,359,,0.322413475046,1.812460641828,-0.091940089479
GRID,360,,0.348510376818,1.812460641828,-0.090940761738
GRID,361,,0.374607278590,1.812460641828,-0.089941433998
GRID,362,,0.400704180363,1.812460641828,-0.089893446068
GRID,363,,0.426801082135,1.812460641828,-0.090631333846
GRID,364,,0.452897983907,1.812460641828,-0.091369221624
GRID,365,,0.478994885679,1.812460641828,-0.092056876328
GRID,366,,0.505091787452,1.812460641828,-0.092713350061
GRID,367,,0.531188689224,1.812460641828,-0.093369823795
GRID,368,,0.557285590996,1.812460641828,-0.094286320478
GRID,369,,0.583382492769,1.812460641828,-0.096021504563
GRID,370,,0.609479394541,1.812460641828,-0.097756688649
GRID,371,,0.635576296313,1.812460641828,-0.099495128918
GRID,372,,0.661673198085,1.812460641828,-0.101465453920
GRID,373,,0.687770099858,1.812460641828,-0.103445654016
GRID,374,,0.713867001630,1.812460641828,-0.105416060785
GRID,375,,0.739963903402,1.812460641828,-0.107896278112
GRID,376,,0.766060805174,1.812460641828,-0.110376495440
GRID,377,,0.792157706947,1.812460641828,-0.113042727711
GRID,378,,0.818254608719,1.812460641828,-0.115893668498
GRID,379,,0.296316573273,1.812460641828,-0.130259284739
GRID,380,,0.322413475046,1.812460641828,-0.129933929065
GRID,381,,0.348510376818,1.812460641828,-0.129718911475
GRID,382,,0.374607278590,1.812460641828,-0.129503893885
GRID,383,,0.400704180363,1.812460641828,-0.129405366025
GRID,384,,0.426801082135,1.812460641828,-0.129458614357
GRID,385,,0.452897983907,1.812460641828,-0.129511862688
GRID,386,,0.478994885679,1.812460641828,-0.129521254106
GRID,387,,0.505091787452,1.812460641828,-0.129505953346
GRID,388,,0.531188689224,1.812460641828,-0.129490652587
GRID,389,,0.557285590996,1.812460641828,-0.129482342132
GRID,390,,0.583382492769,1.812460641828,-0.129668158035
GRID,391,,0.609479394541,1.812460641828,-0.129853973938
GRID,392,,0.635576296313,1.812460641828,-0.130046302209
GRID,393,,0.661673198085,1.812460641828,-0.130433028098
GRID,394,,0.687770099858,1.812460641828,-0.130824691534
GRID,395,,0.713867001630,1.812460641828,-0.131181721688
GRID,396,,0.739963903402,1.812460641828,-0.131605415563
GRID,397,,0.766060805174,1.812460641828,-0.132029109438
GRID,398,,0.792157706947,1.812460641828,-0.132621019636
GRID,399,,0.818254608719,1.812460641828,-0.133358346519
GRID,400,,0.296316573273,1.812460641828,-0.167444672767
GRID,401,,0.322413475046,1.812460641828,-0.167927768652
GRID,402,,0.348510376818,1.812460641828,-0.168497061212
GRID,403,,0.374607278590,1.812460641828,-0.169066353772
GRID,404,,0.400704180363,1.812460641828,-0.168917285983
GRID,405,,0.426801082135,1.812460641828,-0.168285894867
GRID,406,,0.452897983907,1.812460641828,-0.167654503751
GRID,407,,0.478994885679,1.812460641828,-0.166985631884
GRID,408,,0.505091787452,1.812460641828,-0.166298556632
GRID,409,,0.531188689224,1.812460641828,-0.165611481379
GRID,410,,0.557285590996,1.812460641828,-0.164678363785
GRID,411,,0.583382492769,1.812460641828,-0.163314811506
GRID,412,,0.609479394541,1.812460641828,-0.161951259226
GRID,413,,0.635576296313,1.812460641828,-0.160597475500
GRID,414,,0.661673198085,1.812460641828,-0.159400602275
GRID,415,,0.687770099858,1.812460641828,-0.158203729051
GRID,416,,0.713867001630,1.812460641828,-0.156947382591
GRID,417,,0.739963903402,1.812460641828,-0.155314553013
GRID,418,,0.766060805174,1.812460641828,-0.153681723436
GRID,419,,0.792157706947,1.812460641828,-0.152199311562
GRID,420,,0.818254608719,1.812460641828,-0.150823024539
GRID,421,,0.315927324015,2.174952770194,-0.078227768262
GRID,422,,0.341295721555,2.174952770194,-0.076160733718
GRID,423,,0.366664119095,2.174952770194,-0.074139473856
GRID,424,,0.392032516634,2.174952770194,-0.072228158528
GRID,425,,0.417400914174,2.174952770194,-0.072271254210
GRID,426,,0.442769311714,2.174952770194,-0.073734438341
GRID,427,,0.468137709253,2.174952770194,-0.075197622472
GRID,428,,0.493506106793,2.174952770194,-0.076660806603
GRID,429,,0.518874504333,2.174952770194,-0.078084641370
GRID,430,,0.544242901873,2.174952770194,-0.079467458245
GRID,431,,0.569611299412,2.174952770194,-0.081403267611
GRID,432,,0.594979696952,2.174952770194,-0.084872381820
GRID,433,,0.620348094492,2.174952770194,-0.088355772009
GRID,434,,0.645716492032,2.174952770194,-0.092067641069
GRID,435,,0.671084889571,2.174952770194,-0.095779510129
GRID,436,,0.696453287111,2.174952770194,-0.099491379189
GRID,437,,0.721821684651,2.174952770194,-0.103210888217
GRID,438,,0.747190082191,2.174952770194,-0.108036855611
GRID,439,,0.772558479730,2.174952770194,-0.112979712362
GRID,440,,0.797926877270,2.174952770194,-0.118172086304
GRID,441,,0.823295274810,2.174952770194,-0.123364460246
GRID,442,,0.315927324015,2.174952770194,-0.115435749160
GRID,443,,0.341295721555,2.174952770194,-0.114180115439
GRID,444,,0.366664119095,2.174952770194,-0.112964577981
GRID,445,,0.392032516634,2.174952770194,-0.111841818445
GRID,446,,0.417400914174,2.174952770194,-0.111807738611
GRID,447,,0.442769311714,2.174952770194,-0.112594489254
GRID,448,,0.468137709253,2.174952770194,-0.113381239897
GRID,449,,0.493506106793,2.174952770194,-0.114167990539
GRID,450,,0.518874504333,2.174952770194,-0.114919119837
GRID,451,,0.544242901873,2.174952770194,-0.115636409217
GRID,452,,0.569611299412,2.174952770194,-0.116650860523
GRID,453,,0.594979696952,2.174952770194,-0.118575782634
GRID,454,,0.620348094492,2.174952770194,-0.120519326566
GRID,455,,0.645716492032,2.174952770194,-0.122653604387
GRID,456,,0.671084889572,2.174952770194,-0.124787882208
GRID,457,,0.696453287111,2.174952770194,-0.126922160029
GRID,458,,0.721821684651,2.174952770194,-0.129045047022
GRID,459,,0.747190082191,2.174952770194,-0.131816402790
GRID,460,,0.772558479731,2.174952770194,-0.134699251462
GRID,461,,0.797926877270,2.174952770194,-0.137787979125
GRID,462,,0.823295274810,2.174952770194,-0.140876706788
GRID,463,,0.315927324015,2.174952770194,-0.152643730058
GRID,464,,0.341295721555,2.174952770194,-0.152199497160
GRID,465,,0.366664119095,2.174952770194,-0.151789682106
GRID,466,,0.392032516634,2.174952770194,-0.151455478363
GRID,467,,0.417400914174,2.174952770194,-0.151344223013
GRID,468,,0.442769311714,2.174952770194,-0.151454540167
GRID,469,,0.468137709253,2.174952770194,-0.151564857321
GRID,470,,0.493506106793,2.174952770194,-0.151675174476
GRID,471,,0.518874504333,2.174952770194,-0.151753598304
GRID,472,,0.544242901873,2.174952770194,-0.151805360189
GRID,473,,0.569611299412,2.174952770194,-0.151898453435
GRID,474,,0.594979696952,2.174952770194,-0.152279183448
GRID,475,,0.620348094492,2.174952770194,-0.152682881122
GRID,476,,0.645716492032,2.174952770194,-0.153239567704
GRID,477,,0.671084889571,2.174952770194,-0.153796254287
GRID,478,,0.696453287111,2.174952770194,-0.154352940869
GRID,479,,0.721821684651,2.174952770194,-0.154879205827
GRID,480,,0.747190082191,2.174952770194,-0.155595949969
GRID,481,,0.772558479731,2.174952770194,-0.156418790563
GRID,482,,0.797926877270,2.174952770194,-0.157403871946
GRID,483,,0.823295274810,2.174952770194,-0.158388953329
GRID,484,,0.315927324015,2.174952770194,-0.189851710956
GRID,485,,0.341295721555,2.174952770194,-0.190218878881
GRID,486,,0.366664119095,2.174952770194,-0.190614786230
GRID,487,,0.392032516634,2.174952770194,-0.191069138280
GRID,488,,0.417400914174,2.174952770194,-0.190880707414
GRID,489,,0.442769311714,2.174952770194,-0.190314591080
GRID,490,,0.468137709253,2.174952770194,-0.189748474746
GRID,491,,0.493506106793,2.174952770194,-0.189182358412
GRID,492,,0.518874504333,2.174952770194,-0.188588076771
GRID,493,,0.544242901873,2.174952770194,-0.187974311161
GRID,494,,0.569611299412,2.174952770194,-0.187146046347
GRID,495,,0.594979696952,2.174952770194,-0.185982584261
GRID,496,,0.620348094492,2.174952770194,-0.184846435678
GRID,497,,0.645716492032,2.174952770194,-0.183825531022
GRID,498,,0.671084889571,2.174952770194,-0.182804626365
GRID,499,,0.696453287111,2.174952770194,-0.181783721709
GRID,500,,0.721821684651,2.174952770194,-0.180713364632
GRID,501,,0.747190082191,2.174952770194,-0.179375497148
GRID,502,,0.772558479730,2.174952770194,-0.178138329663
GRID,503,,0.797926877270,2.174952770194,-0.177019764767
GRID,504,,0.823295274810,2.174952770194,-0.175901199871
GRID,505,,0.335538074756,2.537444898559,-0.100499282461
GRID,506,,0.360177968064,2.537444898559,-0.098368087437
GRID,507,,0.384817861371,2.537444898559,-0.096236892412
GRID,508,,0.409457754678,2.537444898559,-0.094105697388
GRID,509,,0.434097647985,2.537444898559,-0.094182859105
GRID,510,,0.458737541293,2.537444898559,-0.095712170305
GRID,511,,0.483377434600,2.537444898559,-0.097197052502
GRID,512,,0.508017327907,2.537444898559,-0.098681934700
GRID,513,,0.532657221214,2.537444898559,-0.100166816897
GRID,514,,0.557297114522,2.537444898559,-0.101651699095
GRID,515,,0.581937007829,2.537444898559,-0.103756578680
GRID,516,,0.606576901136,2.537444898559,-0.107554653897
GRID,517,,0.631216794443,2.537444898559,-0.111352729114
GRID,518,,0.655856687750,2.537444898559,-0.115150804331
GRID,519,,0.680496581058,2.537444898559,-0.118948879548
GRID,520,,0.705136474365,2.537444898559,-0.122819805049
GRID,521,,0.729776367672,2.537444898559,-0.126766461814
GRID,522,,0.754416260979,2.537444898559,-0.132098131780
GRID,523,,0.779056154287,2.537444898559,-0.137433053826
GRID,524,,0.803696047594,2.537444898559,-0.142767975872
GRID,525,,0.828335940901,2.537444898559,-0.148181871734
GRID,526,,0.335538074756,2.537444898559,-0.137739853412
GRID,527,,0.360177968064,2.537444898559,-0.136414817508
GRID,528,,0.384817861371,2.537444898559,-0.135089781605
GRID,529,,0.409457754678,2.537444898559,-0.133764745702
GRID,530,,0.434097647985,2.537444898559,-0.133741686471
GRID,531,,0.458737541293,2.537444898559,-0.134598593299
GRID,532,,0.483377434600,2.537444898559,-0.135417861714
GRID,533,,0.508017327907,2.537444898559,-0.136237130130
GRID,534,,0.532657221214,2.537444898559,-0.137056398545
GRID,535,,0.557297114522,2.537444898559,-0.137875666961
GRID,536,,0.581937007829,2.537444898559,-0.139057196399
GRID,537,,0.606576901136,2.537444898559,-0.141296497951
GRID,538,,0.631216794443,2.537444898559,-0.143535799504
GRID,539,,0.655856687750,2.537444898559,-0.145775101056
GRID,540,,0.680496581058,2.537444898559,-0.148014402608
GRID,541,,0.705136474365,2.537444898559,-0.150321565881
GRID,542,,0.729776367672,2.537444898559,-0.152681912171
GRID,543,,0.754416260979,2.537444898559,-0.155932305060
GRID,544,,0.779056154287,2.537444898559,-0.159184866002
GRID,545,,0.803696047594,2.537444898559,-0.162437426945
GRID,546,,0.828335940901,2.537444898559,-0.165765234450
GRID,547,,0.335538074756,2.537444898559,-0.174980424363
GRID,548,,0.360177968064,2.537444898559,-0.174461547580
GRID,549,,0.384817861371,2.537444898559,-0.173942670798
GRID,550,,0.409457754678,2.537444898559,-0.173423794015
GRID,551,,0.434097647985,2.537444898559,-0.173300513838
GRID,552,,0.458737541293,2.537444898559,-0.173485016292
GRID,553,,0.483377434600,2.537444898559,-0.173638670926
GRID,554,,0.508017327907,2.537444898559,-0.173792325560
GRID,555,,0.532657221214,2.537444898559,-0.173945980193
GRID,556,,0.557297114522,2.537444898559,-0.174099634827
GRID,557,,0.581937007829,2.537444898559,-0.174357814118
GRID,558,,0.606576901136,2.537444898559,-0.175038342006
GRID,559,,0.631216794443,2.537444898559,-0.175718869894
GRID,560,,0.655856687750,2.537444898559,-0.176399397781
GRID,561,,0.680496581058,2.537444898559,-0.177079925669
GRID,562,,0.705136474365,2.537444898559,-0.177823326712
GRID,563,,0.729776367672,2.537444898559,-0.178597362528
GRID,564,,0.754416260979,2.537444898559,-0.179766478340
GRID,565,,0.779056154287,2.537444898559,-0.180936678179
GRID,566,,0.803696047594,2.537444898559,-0.182106878018
GRID,567,,0.828335940901,2.537444898559,-0.183348597167
GRID,568,,0.335538074756,2.537444898559,-0.212220995313
GRID,569,,0.360177968064,2.537444898559,-0.212508277652
GRID,570,,0.384817861371,2.537444898559,-0.212795559990
GRID,571,,0.409457754678,2.537444898559,-0.213082842328
GRID,572,,0.434097647985,2.537444898559,-0.212859341204
GRID,573,,0.458737541293,2.537444898559,-0.212371439286
GRID,574,,0.483377434600,2.537444898559,-0.211859480138
GRID,575,,0.508017327907,2.537444898559,-0.211347520989
GRID,576,,0.532657221214,2.537444898559,-0.210835561841
GRID,577,,0.557297114522,2.537444898559,-0.210323602692
GRID,578,,0.581937007829,2.537444898559,-0.209658431838
GRID,579,,0.606576901136,2.537444898559,-0.208780186061
GRID,580,,0.631216794443,2.537444898559,-0.207901940284
GRID,581,,0.655856687750,2.537444898559,-0.207023694507
GRID,582,,0.680496581058,2.537444898559,-0.206145448729
GRID,583,,0.705136474365,2.537444898559,-0.205325087544
GRID,584,,0.729776367672,2.537444898559,-0.204512812885
GRID,585,,0.754416260979,2.537444898559,-0.203600651620
GRID,586,,0.779056154287,2.537444898559,-0.202688490356
GRID,587,,0.803696047594,2.537444898559,-0.201776329091
GRID,588,,0.828335940901,2.537444898559,-0.200931959883
GRID,589,,0.355148825498,2.899937026925,-0.122807393655
GRID,590,,0.379060214573,2.899937026925,-0.120497305913
GRID,591,,0.402971603647,2.899937026925,-0.118218454678
GRID,592,,0.426882992722,2.899937026925,-0.115941858188
GRID,593,,0.450794381797,2.899937026925,-0.116075606224
GRID,594,,0.474705770872,2.899937026925,-0.117641283588
GRID,595,,0.498617159946,2.899937026925,-0.119206960953
GRID,596,,0.522528549021,2.899937026925,-0.120768072216
GRID,597,,0.546439938096,2.899937026925,-0.122316492296
GRID,598,,0.570351327170,2.899937026925,-0.123864912377
GRID,599,,0.594262716245,2.899937026925,-0.126081283016
GRID,600,,0.618174105320,2.899937026925,-0.130092876225
GRID,601,,0.642085494394,2.899937026925,-0.134104469434
GRID,602,,0.665996883469,2.899937026925,-0.138132402516
GRID,603,,0.689908272544,2.899937026925,-0.142196412504
GRID,604,,0.713819661618,2.899937026925,-0.146260422493
GRID,605,,0.737731050693,2.899937026925,-0.150324432481
GRID,606,,0.761642439768,2.899937026925,-0.155976401296
GRID,607,,0.785553828843,2.899937026925,-0.161647825007
GRID,608,,0.809465217917,2.899937026925,-0.167377639071
GRID,609,,0.833376606992,2.899937026925,-0.173128737572
GRID,610,,0.355148825498,2.899937026925,-0.160074401230
GRID,611,,0.379060214573,2.899937026925,-0.158581840323
GRID,612,,0.402971603647,2.899937026925,-0.157116237471
GRID,613,,0.426882992722,2.899937026925,-0.155652307269
GRID,614,,0.450794381797,2.899937026925,-0.155659292918
GRID,615,,0.474705770872,2.899937026925,-0.156562304095
GRID,616,,0.498617159946,2.899937026925,-0.157465315271
GRID,617,,0.522528549021,2.899937026925,-0.158363929978
GRID,618,,0.546439938096,2.899937026925,-0.159251990705
GRID,619,,0.570351327170,2.899937026925,-0.160140051433
GRID,620,,0.594262716245,2.899937026925,-0.161439384307
GRID,621,,0.618174105320,2.899937026925,-0.163893615406
GRID,622,,0.642085494394,2.899937026925,-0.166347846504
GRID,623,,0.665996883469,2.899937026925,-0.168818163888
GRID,624,,0.689908272544,2.899937026925,-0.171317634329
GRID,625,,0.713819661618,2.899937026925,-0.173817104770
GRID,626,,0.737731050693,2.899937026925,-0.176319170250
GRID,627,,0.761642439768,2.899937026925,-0.179890333335
GRID,628,,0.785553828843,2.899937026925,-0.183474466350
GRID,629,,0.809465217917,2.899937026925,-0.187112158356
GRID,630,,0.833376606992,2.899937026925,-0.190765222995
GRID,631,,0.355148825498,2.899937026925,-0.197341408805
GRID,632,,0.379060214573,2.899937026925,-0.196666374733
GRID,633,,0.402971603647,2.899937026925,-0.196014020264
GRID,634,,0.426882992722,2.899937026925,-0.195362756350
GRID,635,,0.450794381797,2.899937026925,-0.195242979613
GRID,636,,0.474705770872,2.899937026925,-0.195483324601
GRID,637,,0.498617159946,2.899937026925,-0.195723669590
GRID,638,,0.522528549021,2.899937026925,-0.195959787740
GRID,639,,0.546439938096,2.899937026925,-0.196187489114
GRID,640,,0.570351327170,2.899937026925,-0.196415190489
GRID,641,,0.594262716245,2.899937026925,-0.196797485598
GRID,642,,0.618174105320,2.899937026925,-0.197694354586
GRID,643,,0.642085494394,2.899937026925,-0.198591223574
GRID,644,,0.665996883469,2.899937026925,-0.199503925260
GRID,645,,0.689908272544,2.899937026925,-0.200438856154
GRID,646,,0.713819661618,2.899937026925,-0.201373787048
GRID,647,,0.737731050693,2.899937026925,-0.202313908019
GRID,648,,0.761642439768,2.899937026925,-0.203804265374
GRID,649,,0.785553828843,2.899937026925,-0.205301107694
GRID,650,,0.809465217917,2.899937026925,-0.206846677641
GRID,651,,0.833376606992,2.899937026925,-0.208401708419
GRID,652,,0.355148825498,2.899937026925,-0.234608416380
GRID,653,,0.379060214573,2.899937026925,-0.234750909142
GRID,654,,0.402971603647,2.899937026925,-0.234911803057
GRID,655,,0.426882992722,2.899937026925,-0.235073205431
GRID,656,,0.450794381797,2.899937026925,-0.234826666308
GRID,657,,0.474705770872,2.899937026925,-0.234404345108
GRID,658,,0.498617159946,2.899937026925,-0.233982023908
GRID,659,,0.522528549021,2.899937026925,-0.233555645502
GRID,660,,0.546439938096,2.899937026925,-0.233122987523
GRID,661,,0.570351327170,2.899937026925,-0.232690329545
GRID,662,,0.594262716245,2.899937026925,-0.232155586889
GRID,663,,0.618174105320,2.899937026925,-0.231495093766
GRID,664,,0.642085494394,2.899937026925,-0.230834600644
GRID,665,,0.665996883469,2.899937026925,-0.230189686633
GRID,666,,0.689908272544,2.899937026925,-0.229560077979
GRID,667,,0.713819661618,2.899937026925,-0.228930469325
GRID,668,,0.737731050693,2.899937026925,-0.228308645788
GRID,669,,0.761642439768,2.899937026925,-0.227718197413
GRID,670,,0.785553828843,2.899937026925,-0.227127749037
GRID,671,,0.809465217917,2.899937026925,-0.226581196926
GRID,672,,0.833376606992,2.899937026925,-0.226038193842
GRID,673,,0.198262819566,0.000000000000,0.055547964895
GRID,674,,0.201064355386,0.051784589767,0.052374443975
GRID,675,,0.203865891206,0.103569179533,0.049200923056
GRID,676,,0.206667427027,0.155353769300,0.046027402136
GRID,677,,0.209468962847,0.207138359066,0.042853881217
GRID,678,,0.212270498667,0.258922948833,0.039680360297
GRID,679,,0.215072034487,0.310707538599,0.036506839378
GRID,680,,0.198262819566,0.000000000000,0.018516687918
GRID,681,,0.201064355386,0.051784589767,0.015337153621
GRID,682,,0.203865891206,0.103569179533,0.012157619324
GRID,683,,0.206667427027,0.155353769300,0.008978085027
GRID,684,,0.209468962847,0.207138359066,0.005798550729
GRID,685,,0.212270498667,0.258922948833,0.002619016432
GRID,686,,0.215072034487,0.310707538599,-0.000560517865
GRID,687,,0.198262819566,0.000000000000,-0.018514589058
GRID,688,,0.201064355386,0.051784589767,-0.021700136733
GRID,689,,0.203865891206,0.103569179533,-0.024885684408
GRID,690,,0.206667427027,0.155353769300,-0.028071232083
GRID,691,,0.209468962847,0.207138359066,-0.031256779758
GRID,692,,0.212270498667,0.258922948833,-0.034442327433
GRID,693,,0.215072034487,0.310707538599,-0.037627875108
GRID,694,,0.198262819566,0.000000000000,-0.055545866035
GRID,695,,0.201064355386,0.051784589767,-0.058737427087
GRID,696,,0.203865891206,0.103569179533,-0.061928988140
GRID,697,,0.206667427027,0.155353769300,-0.065120549193
GRID,698,,0.209468962847,0.207138359066,-0.068312110245
GRID,699,,0.212270498667,0.258922948833,-0.071503671298
GRID,700,,0.215072034487,0.310707538599,-0.074695232351
GRID,701,,0.220675106128,0.414276718132,0.030143845809
GRID,702,,0.223476641948,0.466061307899,0.026954373160
GRID,703,,0.226278177768,0.517845897665,0.023764900511
GRID,704,,0.229079713588,0.569630487432,0.020575427862
GRID,705,,0.231881249409,0.621415077198,0.017385955213
GRID,706,,0.234682785229,0.673199666965,0.014196482564
GRID,707,,0.220675106128,0.414276718132,-0.006933122742
GRID,708,,0.223476641948,0.466061307899,-0.010126193323
GRID,709,,0.226278177768,0.517845897665,-0.013319263903
GRID,710,,0.229079713588,0.569630487432,-0.016512334483
GRID,711,,0.231881249409,0.621415077198,-0.019705405063
GRID,712,,0.234682785229,0.673199666965,-0.022898475643
GRID,713,,0.220675106128,0.414276718132,-0.044010091294
GRID,714,,0.223476641948,0.466061307899,-0.047206759805
GRID,715,,0.226278177768,0.517845897665,-0.050403428317
GRID,716,,0.229079713588,0.569630487432,-0.053600096828
GRID,717,,0.231881249409,0.621415077198,-0.056796765339
GRID,718,,0.234682785229,0.673199666965,-0.059993433851
GRID,719,,0.220675106128,0.414276718132,-0.081087059846
GRID,720,,0.223476641948,0.466061307899,-0.084287326288
GRID,721,,0.226278177768,0.517845897665,-0.087487592731
GRID,722,,0.229079713588,0.569630487432,-0.090687859173
GRID,723,,0.231881249409,0.621415077198,-0.093888125615
GRID,724,,0.234682785229,0.673199666965,-0.097088392058
GRID,725,,0.240285856869,0.776768846498,0.007821490125
GRID,726,,0.243087392689,0.828553436264,0.004635970334
GRID,727,,0.245888928510,0.880338026031,0.001450450544
GRID,728,,0.248690464330,0.932122615797,-0.001735069247
GRID,729,,0.251492000150,0.983907205564,-0.004920589037
GRID,730,,0.254293535970,1.035691795330,-0.008106108828
GRID,731,,0.240285856869,0.776768846498,-0.029281226446
GRID,732,,0.243087392689,0.828553436264,-0.032470906668
GRID,733,,0.245888928510,0.880338026031,-0.035660586890
GRID,734,,0.248690464330,0.932122615797,-0.038850267112
GRID,735,,0.251492000150,0.983907205564,-0.042039947335
GRID,736,,0.254293535970,1.035691795330,-0.045229627557
GRID,737,,0.240285856869,0.776768846498,-0.066383943016
GRID,738,,0.243087392689,0.828553436264,-0.069577783670
GRID,739,,0.245888928510,0.880338026031,-0.072771624324
GRID,740,,0.248690464330,0.932122615797,-0.075965464978
GRID,741,,0.251492000150,0.983907205564,-0.079159305632
GRID,742,,0.254293535970,1.035691795330,-0.082353146286
GRID,743,,0.240285856869,0.776768846498,-0.103486659586
GRID,744,,0.243087392689,0.828553436264,-0.106684660672
GRID,745,,0.245888928510,0.880338026031,-0.109882661758
GRID,746,,0.248690464330,0.932122615797,-0.113080662844
GRID,747,,0.251492000150,0.983907205564,-0.116278663930
GRID,748,,0.254293535970,1.035691795330,-0.119476665016
GRID,749,,0.259896607611,1.139260974863,-0.014476048800
GRID,750,,0.262698143431,1.191045564630,-0.017660468981
GRID,751,,0.265499679251,1.242830154396,-0.020844889163
GRID,752,,0.268301215071,1.294614744163,-0.024029309344
GRID,753,,0.271102750892,1.346399333929,-0.027213729526
GRID,754,,0.273904286712,1.398183923696,-0.030398149707
GRID,755,,0.259896607611,1.139260974863,-0.051608022156
GRID,756,,0.262698143431,1.191045564630,-0.054796736532
GRID,757,,0.265499679251,1.242830154396,-0.057985450909
GRID,758,,0.268301215071,1.294614744163,-0.061174165285
GRID,759,,0.271102750892,1.346399333929,-0.064362879662
GRID,760,,0.273904286712,1.398183923696,-0.067551594038
GRID,761,,0.259896607611,1.139260974863,-0.088739995512
GRID,762,,0.262698143431,1.191045564630,-0.091933004083
GRID,763,,0.265499679251,1.242830154396,-0.095126012655
GRID,764,,0.268301215071,1.294614744163,-0.098319021226
GRID,765,,0.271102750892,1.346399333929,-0.101512029798
GRID,766,,0.273904286712,1.398183923696,-0.104705038369
GRID,767,,0.259896607611,1.139260974863,-0.125871968868
GRID,768,,0.262698143431,1.191045564630,-0.129069271634
GRID,769,,0.265499679251,1.242830154396,-0.132266574401
GRID,770,,0.268301215071,1.294614744163,-0.135463877167
GRID,771,,0.271102750892,1.346399333929,-0.138661179934
GRID,772,,0.273904286712,1.398183923696,-0.141858482700
GRID,773,,0.279507358352,1.501753103229,-0.036769132574
GRID,774,,0.282308894172,1.553537692996,-0.039955695259
GRID,775,,0.285110429993,1.605322282762,-0.043142257943
GRID,776,,0.287911965813,1.657106872529,-0.046328820628
GRID,777,,0.290713501633,1.708891462295,-0.049515383313
GRID,778,,0.293515037453,1.760676052062,-0.052701945998
GRID,779,,0.279507358352,1.501753103229,-0.073930821028
GRID,780,,0.282308894172,1.553537692996,-0.077121333642
GRID,781,,0.285110429993,1.605322282762,-0.080311846256
GRID,782,,0.287911965813,1.657106872529,-0.083502358870
GRID,783,,0.290713501633,1.708891462295,-0.086692871483
GRID,784,,0.293515037453,1.760676052062,-0.089883384097
GRID,785,,0.279507358352,1.501753103229,-0.111092509483
GRID,786,,0.282308894172,1.553537692996,-0.114286972026
GRID,787,,0.285110429993,1.605322282762,-0.117481434568
GRID,788,,0.287911965813,1.657106872529,-0.120675897111
GRID,789,,0.290713501633,1.708891462295,-0.123870359654
GRID,790,,0.293515037453,1.760676052062,-0.127064822196
GRID,791,,0.279507358352,1.501753103229,-0.148254197938
GRID,792,,0.282308894172,1.553537692996,-0.151452610409
GRID,793,,0.285110429993,1.605322282762,-0.154651022881
GRID,794,,0.287911965813,1.657106872529,-0.157849435352
GRID,795,,0.290713501633,1.708891462295,-0.161047847824
GRID,796,,0.293515037453,1.760676052062,-0.164246260295
GRID,797,,0.299118109094,1.864245231595,-0.059079831480
GRID,798,,0.301919644914,1.916029821361,-0.062271154277
GRID,799,,0.304721180734,1.967814411128,-0.065462477074
GRID,800,,0.307522716554,2.019599000894,-0.068653799871
GRID,801,,0.310324252375,2.071383590661,-0.071845122668
GRID,802,,0.313125788195,2.123168180427,-0.075036445465
GRID,803,,0.299118109094,1.864245231595,-0.096268447061
GRID,804,,0.301919644914,1.916029821361,-0.099462997411
GRID,805,,0.304721180734,1.967814411128,-0.102657547761
GRID,806,,0.307522716554,2.019599000894,-0.105852098111
GRID,807,,0.310324252375,2.071383590661,-0.109046648461
GRID,808,,0.313125788195,2.123168180427,-0.112241198811
GRID,809,,0.299118109094,1.864245231595,-0.133457062642
GRID,810,,0.301919644914,1.916029821361,-0.136654840544
GRID,811,,0.304721180734,1.967814411128,-0.139852618447
GRID,812,,0.307522716554,2.019599000894,-0.143050396350
GRID,813,,0.310324252375,2.071383590661,-0.146248174253
GRID,814,,0.313125788195,2.123168180427,-0.149445952156
GRID,815,,0.299118109094,1.864245231595,-0.170645678223
GRID,816,,0.301919644914,1.916029821361,-0.173846683678
GRID,817,,0.304721180734,1.967814411128,-0.177047689134
GRID,818,,0.307522716554,2.019599000894,-0.180248694590
GRID,819,,0.310324252375,2.071383590661,-0.183449700045
GRID,820,,0.313125788195,2.123168180427,-0.186650705501
GRID,821,,0.318728859835,2.226737359960,-0.081409413148
GRID,822,,0.321530395655,2.278521949727,-0.084591058034
GRID,823,,0.324331931476,2.330306539493,-0.087772702919
GRID,824,,0.327133467296,2.382091129260,-0.090954347805
GRID,825,,0.329935003116,2.433875719026,-0.094135992690
GRID,826,,0.332736538936,2.485660308793,-0.097317637576
GRID,827,,0.318728859835,2.226737359960,-0.118622049768
GRID,828,,0.321530395655,2.278521949727,-0.121808350375
GRID,829,,0.324331931476,2.330306539493,-0.124994650983
GRID,830,,0.327133467296,2.382091129260,-0.128180951590
GRID,831,,0.329935003116,2.433875719026,-0.131367252197
GRID,832,,0.332736538936,2.485660308793,-0.134553552805
GRID,833,,0.318728859835,2.226737359960,-0.155834686388
GRID,834,,0.321530395655,2.278521949727,-0.159025642717
GRID,835,,0.324331931476,2.330306539493,-0.162216599046
GRID,836,,0.327133467296,2.382091129260,-0.165407555375
GRID,837,,0.329935003116,2.433875719026,-0.168598511704
GRID,838,,0.332736538936,2.485660308793,-0.171789468033
GRID,839,,0.318728859835,2.226737359960,-0.193047323007
GRID,840,,0.321530395655,2.278521949727,-0.196242935058
GRID,841,,0.324331931476,2.330306539493,-0.199438547109
GRID,842,,0.327133467296,2.382091129260,-0.202634159160
GRID,843,,0.329935003116,2.433875719026,-0.205829771211
GRID,844,,0.332736538936,2.485660308793,-0.209025383262
GRID,845,,0.338339610577,2.589229488326,-0.103686155489
GRID,846,,0.341141146397,2.641014078092,-0.106873028517
GRID,847,,0.343942682217,2.692798667859,-0.110059901544
GRID,848,,0.346744218037,2.744583257625,-0.113246774572
GRID,849,,0.349545753858,2.796367847392,-0.116433647600
GRID,850,,0.352347289678,2.848152437158,-0.119620520627
GRID,851,,0.338339610577,2.589229488326,-0.140930503100
GRID,852,,0.341141146397,2.641014078092,-0.144121152789
GRID,853,,0.343942682217,2.692798667859,-0.147311802477
GRID,854,,0.346744218037,2.744583257625,-0.150502452165
GRID,855,,0.349545753858,2.796367847392,-0.153693101854
GRID,856,,0.352347289678,2.848152437158,-0.156883751542
GRID,857,,0.338339610577,2.589229488326,-0.178174850712
GRID,858,,0.341141146397,2.641014078092,-0.181369277060
GRID,859,,0.343942682217,2.692798667859,-0.184563703409
GRID,860,,0.346744218037,2.744583257625,-0.187758129758
GRID,861,,0.349545753858,2.796367847392,-0.190952556107
GRID,862,,0.352347289678,2.848152437158,-0.194146982456
GRID,863,,0.338339610577,2.589229488326,-0.215419198323
GRID,864,,0.341141146397,2.641014078092,-0.218617401332
GRID,865,,0.343942682217,2.692798667859,-0.221815604342
GRID,866,,0.346744218037,2.744583257625,-0.225013807352
GRID,867,,0.349545753858,2.796367847392,-0.228212010361
GRID,868,,0.352347289678,2.848152437158,-0.231410213371
GRID,869,,0.793051278264,0.000000000000,0.025824835859
GRID,870,,0.793771373420,0.051784589767,0.022290072409
GRID,871,,0.794491468576,0.103569179533,0.018755308960
GRID,872,,0.795211563732,0.155353769300,0.015220545511
GRID,873,,0.795931658887,0.207138359066,0.011685782061
GRID,874,,0.796651754043,0.258922948833,0.008151018612
GRID,875,,0.797371849199,0.310707538599,0.004616255162
GRID,876,,0.793051278264,0.000000000000,0.008608270875
GRID,877,,0.793771373420,0.051784589767,0.005065378980
GRID,878,,0.794491468576,0.103569179533,0.001522487085
GRID,879,,0.795211563732,0.155353769300,-0.002020404811
GRID,880,,0.795931658887,0.207138359066,-0.005563296706
GRID,881,,0.796651754043,0.258922948833,-0.009106188602
GRID,882,,0.797371849199,0.310707538599,-0.012649080497
GRID,883,,0.793051278264,0.000000000000,-0.008608294108
GRID,884,,0.793771373420,0.051784589767,-0.012159314449
GRID,885,,0.794491468576,0.103569179533,-0.015710334791
GRID,886,,0.795211563732,0.155353769300,-0.019261355132
GRID,887,,0.795931658887,0.207138359066,-0.022812375474
GRID,888,,0.796651754043,0.258922948833,-0.026363395815
GRID,889,,0.797371849199,0.310707538599,-0.029914416157
GRID,890,,0.793051278264,0.000000000000,-0.025824859091
GRID,891,,0.793771373420,0.051784589767,-0.029384007879
GRID,892,,0.794491468576,0.103569179533,-0.032943156666
GRID,893,,0.795211563732,0.155353769300,-0.036502305454
GRID,894,,0.795931658887,0.207138359066,-0.040061454242
GRID,895,,0.796651754043,0.258922948833,-0.043620603029
GRID,896,,0.797371849199,0.310707538599,-0.047179751817
GRID,897,,0.798812039511,0.414276718132,-0.002475079881
GRID,898,,0.799532134667,0.466061307899,-0.006031651476
GRID,899,,0.800252229823,0.517845897665,-0.009588223070
GRID,900,,0.800972324978,0.569630487432,-0.013144794665
GRID,901,,0.801692420134,0.621415077198,-0.016701366259
GRID,902,,0.802412515290,0.673199666965,-0.020257937853
GRID,903,,0.798812039511,0.414276718132,-0.019754244231
GRID,904,,0.799532134667,0.466061307899,-0.023316516070
GRID,905,,0.800252229823,0.517845897665,-0.026878787908
GRID,906,,0.800972324978,0.569630487432,-0.030441059746
GRID,907,,0.801692420134,0.621415077198,-0.034003331585
GRID,908,,0.802412515290,0.673199666965,-0.037565603423
GRID,909,,0.798812039511,0.414276718132,-0.037033408581
GRID,910,,0.799532134667,0.466061307899,-0.040601380663
GRID,911,,0.800252229823,0.517845897665,-0.044169352746
GRID,912,,0.800972324978,0.569630487432,-0.047737324828
GRID,913,,0.801692420134,0.621415077198,-0.051305296911
GRID,914,,0.802412515290,0.673199666965,-0.054873268993
GRID,915,,0.798812039511,0.414276718132,-0.054312572931
GRID,916,,0.799532134667,0.466061307899,-0.057886245257
GRID,917,,0.800252229823,0.517845897665,-0.061459917584
GRID,918,,0.800972324978,0.569630487432,-0.065033589910
GRID,919,,0.801692420134,0.621415077198,-0.068607262237
GRID,920,,0.802412515290,0.673199666965,-0.072180934563
GRID,921,,0.803852705602,0.776768846498,-0.027366740510
GRID,922,,0.804572800758,0.828553436264,-0.030918971572
GRID,923,,0.805292895914,0.880338026031,-0.034471202634
GRID,924,,0.806012991069,0.932122615797,-0.038023433696
GRID,925,,0.806733086225,0.983907205564,-0.041575664758
GRID,926,,0.807453181381,1.035691795330,-0.045127895820
GRID,927,,0.803852705602,0.776768846498,-0.044686908846
GRID,928,,0.804572800758,0.828553436264,-0.048245942430
GRID,929,,0.805292895914,0.880338026031,-0.051804976014
GRID,930,,0.806012991069,0.932122615797,-0.055364009598
GRID,931,,0.806733086225,0.983907205564,-0.058923043181
GRID,932,,0.807453181381,1.035691795330,-0.062482076765
GRID,933,,0.803852705602,0.776768846498,-0.062007077182
GRID,934,,0.804572800758,0.828553436264,-0.065572913288
GRID,935,,0.805292895914,0.880338026031,-0.069138749393
GRID,936,,0.806012991069,0.932122615797,-0.072704585499
GRID,937,,0.806733086225,0.983907205564,-0.076270421605
GRID,938,,0.807453181381,1.035691795330,-0.079836257711
GRID,939,,0.803852705602,0.776768846498,-0.079327245517
GRID,940,,0.804572800758,0.828553436264,-0.082899884145
GRID,941,,0.805292895914,0.880338026031,-0.086472522773
GRID,942,,0.806012991069,0.932122615797,-0.090045161401
GRID,943,,0.806733086225,0.983907205564,-0.093617800029
GRID,944,,0.807453181381,1.035691795330,-0.097190438657
GRID,945,,0.808893371693,1.139260974863,-0.052231802453
GRID,946,,0.809613466849,1.191045564630,-0.055783478025
GRID,947,,0.810333562005,1.242830154396,-0.059335153596
GRID,948,,0.811053657160,1.294614744163,-0.062886829168
GRID,949,,0.811773752316,1.346399333929,-0.066438504739
GRID,950,,0.812493847472,1.398183923696,-0.069990180311
GRID,951,,0.808893371693,1.139260974863,-0.069600202683
GRID,952,,0.809613466849,1.191045564630,-0.073159295016
GRID,953,,0.810333562005,1.242830154396,-0.076718387349
GRID,954,,0.811053657160,1.294614744163,-0.080277479682
GRID,955,,0.811773752316,1.346399333929,-0.083836572015
GRID,956,,0.812493847472,1.398183923696,-0.087395664349
GRID,957,,0.808893371693,1.139260974863,-0.086968602912
GRID,958,,0.809613466849,1.191045564630,-0.090535112007
GRID,959,,0.810333562005,1.242830154396,-0.094101621102
GRID,960,,0.811053657160,1.294614744163,-0.097668130197
GRID,961,,0.811773752316,1.346399333929,-0.101234639292
GRID,962,,0.812493847472,1.398183923696,-0.104801148387
GRID,963,,0.808893371693,1.139260974863,-0.104337003142
GRID,964,,0.809613466849,1.191045564630,-0.107910928998
GRID,965,,0.810333562005,1.242830154396,-0.111484854855
GRID,966,,0.811053657160,1.294614744163,-0.115058780711
GRID,967,,0.811773752316,1.346399333929,-0.118632706568
GRID,968,,0.812493847472,1.398183923696,-0.122206632424
GRID,969,,0.813934037784,1.501753103229,-0.077097160825
GRID,970,,0.814654132940,1.553537692996,-0.080652465767
GRID,971,,0.815374228096,1.605322282762,-0.084207770709
GRID,972,,0.816094323251,1.657106872529,-0.087763075651
GRID,973,,0.816814418407,1.708891462295,-0.091318380593
GRID,974,,0.817534513563,1.760676052062,-0.094873685535
GRID,975,,0.813934037784,1.501753103229,-0.094517458370
GRID,976,,0.814654132940,1.553537692996,-0.098080160058
GRID,977,,0.815374228096,1.605322282762,-0.101642861746
GRID,978,,0.816094323251,1.657106872529,-0.105205563434
GRID,979,,0.816814418407,1.708891462295,-0.108768265122
GRID,980,,0.817534513563,1.760676052062,-0.112330966810
GRID,981,,0.813934037784,1.501753103229,-0.111937755915
GRID,982,,0.814654132940,1.553537692996,-0.115507854349
GRID,983,,0.815374228096,1.605322282762,-0.119077952783
GRID,984,,0.816094323251,1.657106872529,-0.122648051217
GRID,985,,0.816814418407,1.708891462295,-0.126218149651
GRID,986,,0.817534513563,1.760676052062,-0.129788248085
GRID,987,,0.813934037784,1.501753103229,-0.129358053461
GRID,988,,0.814654132940,1.553537692996,-0.132935548640
GRID,989,,0.815374228096,1.605322282762,-0.136513043820
GRID,990,,0.816094323251,1.657106872529,-0.140090539000
GRID,991,,0.816814418407,1.708891462295,-0.143668034180
GRID,992,,0.817534513563,1.760676052062,-0.147245529360
GRID,993,,0.818974703875,1.864245231595,-0.101991200444
GRID,994,,0.819694799031,1.916029821361,-0.105553410411
GRID,995,,0.820414894187,1.967814411128,-0.109115620378
GRID,996,,0.821134989342,2.019599000894,-0.112677830345
GRID,997,,0.821855084498,2.071383590661,-0.116240040312
GRID,998,,0.822575179654,2.123168180427,-0.119802250279
GRID,999,,0.818974703875,1.864245231595,-0.119462673968
GRID,1000,,0.819694799031,1.916029821361,-0.123031679438
GRID,1001,,0.820414894187,1.967814411128,-0.126600684908
GRID,1002,,0.821134989342,2.019599000894,-0.130169690378
GRID,1003,,0.821855084498,2.071383590661,-0.133738695848
GRID,1004,,0.822575179654,2.123168180427,-0.137307701318
GRID,1005,,0.818974703875,1.864245231595,-0.136934147492
GRID,1006,,0.819694799031,1.916029821361,-0.140509948464
GRID,1007,,0.820414894187,1.967814411128,-0.144085749437
GRID,1008,,0.821134989342,2.019599000894,-0.147661550410
GRID,1009,,0.821855084498,2.071383590661,-0.151237351383
GRID,1010,,0.822575179654,2.123168180427,-0.154813152356
GRID,1011,,0.818974703875,1.864245231595,-0.154405621015
GRID,1012,,0.819694799031,1.916029821361,-0.157988217491
GRID,1013,,0.820414894187,1.967814411128,-0.161570813967
GRID,1014,,0.821134989342,2.019599000894,-0.165153410443
GRID,1015,,0.821855084498,2.071383590661,-0.168736006919
GRID,1016,,0.822575179654,2.123168180427,-0.172318603395
GRID,1017,,0.824015369966,2.226737359960,-0.126909804744
GRID,1018,,0.824735465122,2.278521949727,-0.130455149243
GRID,1019,,0.825455560278,2.330306539493,-0.134000493741
GRID,1020,,0.826175655433,2.382091129260,-0.137545838239
GRID,1021,,0.826895750589,2.433875719026,-0.141091182737
GRID,1022,,0.827615845745,2.485660308793,-0.144636527235
GRID,1023,,0.824015369966,2.226737359960,-0.144432210739
GRID,1024,,0.824735465122,2.278521949727,-0.147987714691
GRID,1025,,0.825455560278,2.330306539493,-0.151543218643
GRID,1026,,0.826175655433,2.382091129260,-0.155098722595
GRID,1027,,0.826895750589,2.433875719026,-0.158654226547
GRID,1028,,0.827615845745,2.485660308793,-0.162209730498
GRID,1029,,0.824015369966,2.226737359960,-0.161954616735
GRID,1030,,0.824735465122,2.278521949727,-0.165520280140
GRID,1031,,0.825455560278,2.330306539493,-0.169085943545
GRID,1032,,0.826175655433,2.382091129260,-0.172651606951
GRID,1033,,0.826895750589,2.433875719026,-0.176217270356
GRID,1034,,0.827615845745,2.485660308793,-0.179782933761
GRID,1035,,0.824015369966,2.226737359960,-0.179477022730
GRID,1036,,0.824735465122,2.278521949727,-0.183052845589
GRID,1037,,0.825455560278,2.330306539493,-0.186628668447
GRID,1038,,0.826175655433,2.382091129260,-0.190204491306
GRID,1039,,0.826895750589,2.433875719026,-0.193780314165
GRID,1040,,0.827615845745,2.485660308793,-0.197356137024
GRID,1041,,0.829056036057,2.589229488326,-0.151745709710
GRID,1042,,0.829776131213,2.641014078092,-0.155309547687
GRID,1043,,0.830496226369,2.692798667859,-0.158873385664
GRID,1044,,0.831216321524,2.744583257625,-0.162437223641
GRID,1045,,0.831936416680,2.796367847392,-0.166001061618
GRID,1046,,0.832656511836,2.848152437158,-0.169564899595
GRID,1047,,0.829056036057,2.589229488326,-0.169336661385
GRID,1048,,0.829776131213,2.641014078092,-0.172908088320
GRID,1049,,0.830496226369,2.692798667859,-0.176479515255
GRID,1050,,0.831216321524,2.744583257625,-0.180050942190
GRID,1051,,0.831936416680,2.796367847392,-0.183622369125
GRID,1052,,0.832656511836,2.848152437158,-0.187193796060
GRID,1053,,0.829056036057,2.589229488326,-0.186927613060
GRID,1054,,0.829776131213,2.641014078092,-0.190506628953
GRID,1055,,0.830496226369,2.692798667859,-0.194085644846
GRID,1056,,0.831216321524,2.744583257625,-0.197664660739
GRID,1057,,0.831936416680,2.796367847392,-0.201243676632
GRID,1058,,0.832656511836,2.848152437158,-0.204822692525
GRID,1059,,0.829056036057,2.589229488326,-0.204518564734
GRID,1060,,0.829776131213,2.641014078092,-0.208105169586
GRID,1061,,0.830496226369,2.692798667859,-0.211691774437
GRID,1062,,0.831216321524,2.744583257625,-0.215278379288
GRID,1063,,0.831936416680,2.796367847392,-0.218864984139
GRID,1064,,0.832656511836,2.848152437158,-0.222451588991
GRID,1065,,0.228002242501,0.000000000000,0.056689340123
GRID,1066,,0.228002242501,0.000000000000,-0.056687652610
GRID,1067,,0.257741665436,0.000000000000,0.057830715352
GRID,1068,,0.257741665436,0.000000000000,-0.057829439185
GRID,1069,,0.287481088371,0.000000000000,0.058972090581
GRID,1070,,0.287481088371,0.000000000000,-0.058971225759
GRID,1071,,0.317220511306,0.000000000000,0.059097591473
GRID,1072,,0.317220511306,0.000000000000,-0.059095965871
GRID,1073,,0.346959934240,0.000000000000,0.058044968398
GRID,1074,,0.346959934240,0.000000000000,-0.058043603421
GRID,1075,,0.376699357175,0.000000000000,0.056992345323
GRID,1076,,0.376699357175,0.000000000000,-0.056991240970
GRID,1077,,0.406438780110,0.000000000000,0.055939722248
GRID,1078,,0.406438780110,0.000000000000,-0.055938878520
GRID,1079,,0.436178203045,0.000000000000,0.054887099173
GRID,1080,,0.436178203045,0.000000000000,-0.054886516070
GRID,1081,,0.465917625980,0.000000000000,0.053834476098
GRID,1082,,0.465917625980,0.000000000000,-0.053834153619
GRID,1083,,0.495657048915,0.000000000000,0.052454240944
GRID,1084,,0.495657048915,0.000000000000,-0.052453661335
GRID,1085,,0.525396471850,0.000000000000,0.050092782318
GRID,1086,,0.525396471850,0.000000000000,-0.050092312526
GRID,1087,,0.555135894785,0.000000000000,0.047731323692
GRID,1088,,0.555135894785,0.000000000000,-0.047730963717
GRID,1089,,0.584875317720,0.000000000000,0.045369865066
GRID,1090,,0.584875317720,0.000000000000,-0.045369614908
GRID,1091,,0.614614740655,0.000000000000,0.043008406439
GRID,1092,,0.614614740655,0.000000000000,-0.043008266099
GRID,1093,,0.644354163590,0.000000000000,0.040646947813
GRID,1094,,0.644354163590,0.000000000000,-0.040646917290
GRID,1095,,0.674093586524,0.000000000000,0.038246364314
GRID,1096,,0.674093586524,0.000000000000,-0.038246265597
GRID,1097,,0.703833009459,0.000000000000,0.035140982200
GRID,1098,,0.703833009459,0.000000000000,-0.035140913971
GRID,1099,,0.733572432394,0.000000000000,0.032035600086
GRID,1100,,0.733572432394,0.000000000000,-0.032035562344
GRID,1101,,0.763311855329,0.000000000000,0.028930217973
GRID,1102,,0.763311855329,0.000000000000,-0.028930210718
GRID,1103,,0.230699706288,0.051784589767,0.053540770446
GRID,1104,,0.230699706288,0.051784589767,-0.059859348965
GRID,1105,,0.260335057190,0.051784589767,0.054694872623
GRID,1106,,0.260335057190,0.051784589767,-0.060987946614
GRID,1107,,0.289970408091,0.051784589767,0.055848974799
GRID,1108,,0.289970408091,0.051784589767,-0.062116544263
GRID,1109,,0.319605758993,0.051784589767,0.055968048973
GRID,1110,,0.319605758993,0.051784589767,-0.062234337486
GRID,1111,,0.349241109895,0.051784589767,0.054899299534
GRID,1112,,0.349241109895,0.051784589767,-0.061197163909
GRID,1113,,0.378876460796,0.051784589767,0.053831407348
GRID,1114,,0.378876460796,0.051784589767,-0.060159399910
GRID,1115,,0.408511811698,0.051784589767,0.052773807915
GRID,1116,,0.408511811698,0.051784589767,-0.059115742551
GRID,1117,,0.438147162600,0.051784589767,0.051716208482
GRID,1118,,0.438147162600,0.051784589767,-0.058072085192
GRID,1119,,0.467782513501,0.051784589767,0.050658609049
GRID,1120,,0.467782513501,0.051784589767,-0.057028427832
GRID,1121,,0.497417864403,0.051784589767,0.049269813311
GRID,1122,,0.497417864403,0.051784589767,-0.055656801940
GRID,1123,,0.527053215305,0.051784589767,0.046890773240
GRID,1124,,0.527053215305,0.051784589767,-0.053318785614
GRID,1125,,0.556688566206,0.051784589767,0.044511733168
GRID,1126,,0.556688566206,0.051784589767,-0.050980769289
GRID,1127,,0.586323917108,0.051784589767,0.042132693097
GRID,1128,,0.586323917108,0.051784589767,-0.048642752963
GRID,1129,,0.615959268010,0.051784589767,0.039738999986
GRID,1130,,0.615959268010,0.051784589767,-0.046313674757
GRID,1131,,0.645594618911,0.051784589767,0.037326634667
GRID,1132,,0.645594618911,0.051784589767,-0.043995105491
GRID,1133,,0.675229969813,0.051784589767,0.034876925183
GRID,1134,,0.675229969813,0.051784589767,-0.041635047001
GRID,1135,,0.704865320715,0.051784589767,0.031743985063
GRID,1136,,0.704865320715,0.051784589767,-0.038563812882
GRID,1137,,0.734500671616,0.051784589767,0.028611044942
GRID,1138,,0.734500671616,0.051784589767,-0.035492578764
GRID,1139,,0.764136022518,0.051784589767,0.025472648788
GRID,1140,,0.764136022518,0.051784589767,-0.032425247334
GRID,1141,,0.233397170075,0.103569179533,0.050392200770
GRID,1142,,0.233397170075,0.103569179533,-0.063031045321
GRID,1143,,0.262928448943,0.103569179533,0.051559029893
GRID,1144,,0.262928448943,0.103569179533,-0.064146454044
GRID,1145,,0.292459727812,0.103569179533,0.052725859016
GRID,1146,,0.292459727812,0.103569179533,-0.065261862766
GRID,1147,,0.321991006680,0.103569179533,0.052838506473
GRID,1148,,0.321991006680,0.103569179533,-0.065372709100
GRID,1149,,0.351522285549,0.103569179533,0.051753630671
GRID,1150,,0.351522285549,0.103569179533,-0.064350724398
GRID,1151,,0.381053564417,0.103569179533,0.050670469373
GRID,1152,,0.381053564417,0.103569179533,-0.063327558850
GRID,1153,,0.410584843286,0.103569179533,0.049607893582
GRID,1154,,0.410584843286,0.103569179533,-0.062292606582
GRID,1155,,0.440116122154,0.103569179533,0.048545317791
GRID,1156,,0.440116122154,0.103569179533,-0.061257654313
GRID,1157,,0.469647401023,0.103569179533,0.047482742000
GRID,1158,,0.469647401023,0.103569179533,-0.060222702045
GRID,1159,,0.499178679891,0.103569179533,0.046085385678
GRID,1160,,0.499178679891,0.103569179533,-0.058859942545
GRID,1161,,0.528709958760,0.103569179533,0.043688764161
GRID,1162,,0.528709958760,0.103569179533,-0.056545258702
GRID,1163,,0.558241237628,0.103569179533,0.041292142645
GRID,1164,,0.558241237628,0.103569179533,-0.054230574860
GRID,1165,,0.587772516496,0.103569179533,0.038895521129
GRID,1166,,0.587772516496,0.103569179533,-0.051915891018
GRID,1167,,0.617303795365,0.103569179533,0.036469593533
GRID,1168,,0.617303795365,0.103569179533,-0.049619083415
GRID,1169,,0.646835074233,0.103569179533,0.034006321520
GRID,1170,,0.646835074233,0.103569179533,-0.047343293691
GRID,1171,,0.676366353102,0.103569179533,0.031507486051
GRID,1172,,0.676366353102,0.103569179533,-0.045023828404
GRID,1173,,0.705897631970,0.103569179533,0.028346987925
GRID,1174,,0.705897631970,0.103569179533,-0.041986711793
GRID,1175,,0.735428910839,0.103569179533,0.025186489798
GRID,1176,,0.735428910839,0.103569179533,-0.038949595183
GRID,1177,,0.764960189707,0.103569179533,0.022015079603
GRID,1178,,0.764960189707,0.103569179533,-0.035920283951
GRID,1179,,0.236094633862,0.155353769300,0.047243631093
GRID,1180,,0.236094633862,0.155353769300,-0.066202741677
GRID,1181,,0.265521840697,0.155353769300,0.048423187163
GRID,1182,,0.265521840697,0.155353769300,-0.067304961473
GRID,1183,,0.294949047532,0.155353769300,0.049602743234
GRID,1184,,0.294949047532,0.155353769300,-0.068407181270
GRID,1185,,0.324376254368,0.155353769300,0.049708963973
GRID,1186,,0.324376254368,0.155353769300,-0.068511080715
GRID,1187,,0.353803461203,0.155353769300,0.048607961807
GRID,1188,,0.353803461203,0.155353769300,-0.067504284886
GRID,1189,,0.383230668038,0.155353769300,0.047509531398
GRID,1190,,0.383230668038,0.155353769300,-0.066495717790
GRID,1191,,0.412657874873,0.155353769300,0.046441979249
GRID,1192,,0.412657874873,0.155353769300,-0.065469470613
GRID,1193,,0.442085081709,0.155353769300,0.045374427100
GRID,1194,,0.442085081709,0.155353769300,-0.064443223435
GRID,1195,,0.471512288544,0.155353769300,0.044306874950
GRID,1196,,0.471512288544,0.155353769300,-0.063416976258
GRID,1197,,0.500939495379,0.155353769300,0.042900958045
GRID,1198,,0.500939495379,0.155353769300,-0.062063083149
GRID,1199,,0.530366702214,0.155353769300,0.040486755083
GRID,1200,,0.530366702214,0.155353769300,-0.059771731791
GRID,1201,,0.559793909050,0.155353769300,0.038072552122
GRID,1202,,0.559793909050,0.155353769300,-0.057480380432
GRID,1203,,0.589221115885,0.155353769300,0.035658349161
GRID,1204,,0.589221115885,0.155353769300,-0.055189029073
GRID,1205,,0.618648322720,0.155353769300,0.033200187079
GRID,1206,,0.618648322720,0.155353769300,-0.052924492072
GRID,1207,,0.648075529555,0.155353769300,0.030686008374
GRID,1208,,0.648075529555,0.155353769300,-0.050691481892
GRID,1209,,0.677502736391,0.155353769300,0.028138046920
GRID,1210,,0.677502736391,0.155353769300,-0.048412609807
GRID,1211,,0.706929943226,0.155353769300,0.024949990787
GRID,1212,,0.706929943226,0.155353769300,-0.045409610704
GRID,1213,,0.736357150061,0.155353769300,0.021761934654
GRID,1214,,0.736357150061,0.155353769300,-0.042406611602
GRID,1215,,0.765784356896,0.155353769300,0.018557510418
GRID,1216,,0.765784356896,0.155353769300,-0.039415320568
GRID,1217,,0.238792097649,0.207138359066,0.044095061416
GRID,1218,,0.238792097649,0.207138359066,-0.069374438033
GRID,1219,,0.268115232451,0.207138359066,0.045287344434
GRID,1220,,0.268115232451,0.207138359066,-0.070463468903
GRID,1221,,0.297438367253,0.207138359066,0.046479627452
GRID,1222,,0.297438367253,0.207138359066,-0.071552499773
GRID,1223,,0.326761502055,0.207138359066,0.046579421473
GRID,1224,,0.326761502055,0.207138359066,-0.071649452329
GRID,1225,,0.356084636857,0.207138359066,0.045462292944
GRID,1226,,0.356084636857,0.207138359066,-0.070657845375
GRID,1227,,0.385407771659,0.207138359066,0.044348593423
GRID,1228,,0.385407771659,0.207138359066,-0.069663876730
GRID,1229,,0.414730906461,0.207138359066,0.043276064916
GRID,1230,,0.414730906461,0.207138359066,-0.068646334643
GRID,1231,,0.444054041263,0.207138359066,0.042203536409
GRID,1232,,0.444054041263,0.207138359066,-0.067628792557
GRID,1233,,0.473377176065,0.207138359066,0.041131007901
GRID,1234,,0.473377176065,0.207138359066,-0.066611250471
GRID,1235,,0.502700310867,0.207138359066,0.039716530411
GRID,1236,,0.502700310867,0.207138359066,-0.065266223754
GRID,1237,,0.532023445669,0.207138359066,0.037284746005
GRID,1238,,0.532023445669,0.207138359066,-0.062998204879
GRID,1239,,0.561346580471,0.207138359066,0.034852961599
GRID,1240,,0.561346580471,0.207138359066,-0.060730186003
GRID,1241,,0.590669715273,0.207138359066,0.032421177192
GRID,1242,,0.590669715273,0.207138359066,-0.058462167128
GRID,1243,,0.619992850075,0.207138359066,0.029930780626
GRID,1244,,0.619992850075,0.207138359066,-0.056229900730
GRID,1245,,0.649315984877,0.207138359066,0.027365695227
GRID,1246,,0.649315984877,0.207138359066,-0.054039670092
GRID,1247,,0.678639119679,0.207138359066,0.024768607789
GRID,1248,,0.678639119679,0.207138359066,-0.051801391210
GRID,1249,,0.707962254481,0.207138359066,0.021552993649
GRID,1250,,0.707962254481,0.207138359066,-0.048832509616
GRID,1251,,0.737285389283,0.207138359066,0.018337379510
GRID,1252,,0.737285389283,0.207138359066,-0.045863628021
GRID,1253,,0.766608524085,0.207138359066,0.015099941233
GRID,1254,,0.766608524085,0.207138359066,-0.042910357184
GRID,1255,,0.241489561436,0.258922948833,0.040946491739
GRID,1256,,0.241489561436,0.258922948833,-0.072546134389
GRID,1257,,0.270708624205,0.258922948833,0.042151501704
GRID,1258,,0.270708624205,0.258922948833,-0.073621976333
GRID,1259,,0.299927686974,0.258922948833,0.043356511670
GRID,1260,,0.299927686974,0.258922948833,-0.074697818277
GRID,1261,,0.329146749742,0.258922948833,0.043449878973
GRID,1262,,0.329146749742,0.258922948833,-0.074787823944
GRID,1263,,0.358365812511,0.258922948833,0.042316624080
GRID,1264,,0.358365812511,0.258922948833,-0.073811405863
GRID,1265,,0.387584875280,0.258922948833,0.041187655449
GRID,1266,,0.387584875280,0.258922948833,-0.072832035669
GRID,1267,,0.416803938049,0.258922948833,0.040110150583
GRID,1268,,0.416803938049,0.258922948833,-0.071823198674
GRID,1269,,0.446023000818,0.258922948833,0.039032645718
GRID,1270,,0.446023000818,0.258922948833,-0.070814361679
GRID,1271,,0.475242063586,0.258922948833,0.037955140852
GRID,1272,,0.475242063586,0.258922948833,-0.069805524684
GRID,1273,,0.504461126355,0.258922948833,0.036532102778
GRID,1274,,0.504461126355,0.258922948833,-0.068469364359
GRID,1275,,0.533680189124,0.258922948833,0.034082736927
GRID,1276,,0.533680189124,0.258922948833,-0.066224677967
GRID,1277,,0.562899251893,0.258922948833,0.031633371075
GRID,1278,,0.562899251893,0.258922948833,-0.063979991575
GRID,1279,,0.592118314662,0.258922948833,0.029184005224
GRID,1280,,0.592118314662,0.258922948833,-0.061735305183
GRID,1281,,0.621337377430,0.258922948833,0.026661374172
GRID,1282,,0.621337377430,0.258922948833,-0.059535309388
GRID,1283,,0.650556440199,0.258922948833,0.024045382081
GRID,1284,,0.650556440199,0.258922948833,-0.057387858293
GRID,1285,,0.679775502968,0.258922948833,0.021399168657
GRID,1286,,0.679775502968,0.258922948833,-0.055190172613
GRID,1287,,0.708994565737,0.258922948833,0.018155996511
GRID,1288,,0.708994565737,0.258922948833,-0.052255408527
GRID,1289,,0.738213628506,0.258922948833,0.014912824366
GRID,1290,,0.738213628506,0.258922948833,-0.049320644440
GRID,1291,,0.767432691274,0.258922948833,0.011642372049
GRID,1292,,0.767432691274,0.258922948833,-0.046405393801
GRID,1293,,0.244187025223,0.310707538599,0.037797922062
GRID,1294,,0.244187025223,0.310707538599,-0.075717830745
GRID,1295,,0.273302015958,0.310707538599,0.039015658975
GRID,1296,,0.273302015958,0.310707538599,-0.076780483762
GRID,1297,,0.302417006694,0.310707538599,0.040233395888
GRID,1298,,0.302417006694,0.310707538599,-0.077843136780
GRID,1299,,0.331531997430,0.310707538599,0.040320336473
GRID,1300,,0.331531997430,0.310707538599,-0.077926195559
GRID,1301,,0.360646988165,0.310707538599,0.039170955216
GRID,1302,,0.360646988165,0.310707538599,-0.076964966351
GRID,1303,,0.389761978901,0.310707538599,0.038026717474
GRID,1304,,0.389761978901,0.310707538599,-0.076000194609
GRID,1305,,0.418876969636,0.310707538599,0.036944236250
GRID,1306,,0.418876969636,0.310707538599,-0.075000062705
GRID,1307,,0.447991960372,0.310707538599,0.035861755026
GRID,1308,,0.447991960372,0.310707538599,-0.073999930801
GRID,1309,,0.477106951108,0.310707538599,0.034779273803
GRID,1310,,0.477106951108,0.310707538599,-0.072999798897
GRID,1311,,0.506221941843,0.310707538599,0.033347675145
GRID,1312,,0.506221941843,0.310707538599,-0.071672504964
GRID,1313,,0.535336932579,0.310707538599,0.030880727849
GRID,1314,,0.535336932579,0.310707538599,-0.069451151055
GRID,1315,,0.564451923314,0.310707538599,0.028413780552
GRID,1316,,0.564451923314,0.310707538599,-0.067229797147
GRID,1317,,0.593566914050,0.310707538599,0.025946833255
GRID,1318,,0.593566914050,0.310707538599,-0.065008443238
GRID,1319,,0.622681904786,0.310707538599,0.023391967719
GRID,1320,,0.622681904786,0.310707538599,-0.062840718046
GRID,1321,,0.651796895521,0.310707538599,0.020725068934
GRID,1322,,0.651796895521,0.310707538599,-0.060736046494
GRID,1323,,0.680911886257,0.310707538599,0.018029729526
GRID,1324,,0.680911886257,0.310707538599,-0.058578954016
GRID,1325,,0.710026876992,0.310707538599,0.014758999374
GRID,1326,,0.710026876992,0.310707538599,-0.055678307438
GRID,1327,,0.739141867728,0.310707538599,0.011488269221
GRID,1328,,0.739141867728,0.310707538599,-0.052777660860
GRID,1329,,0.768256858464,0.310707538599,0.008184802864
GRID,1330,,0.768256858464,0.310707538599,-0.049900430418
GRID,1331,,0.249581952797,0.414276718132,0.031489681759
GRID,1332,,0.249581952797,0.414276718132,-0.082067076974
GRID,1333,,0.278488799466,0.414276718132,0.032738775697
GRID,1334,,0.278488799466,0.414276718132,-0.083100219742
GRID,1335,,0.307395646135,0.414276718132,0.033985822767
GRID,1336,,0.307395646135,0.414276718132,-0.084134349340
GRID,1337,,0.336302492804,0.414276718132,0.034064101616
GRID,1338,,0.336302492804,0.414276718132,-0.084201413750
GRID,1339,,0.365209339473,0.414276718132,0.032889610464
GRID,1340,,0.365209339473,0.414276718132,-0.083266447991
GRID,1341,,0.394116186143,0.414276718132,0.031720262825
GRID,1342,,0.394116186143,0.414276718132,-0.082327939697
GRID,1343,,0.423023032812,0.414276718132,0.030617838610
GRID,1344,,0.423023032812,0.414276718132,-0.081350831007
GRID,1345,,0.451929879481,0.414276718132,0.029523412095
GRID,1346,,0.451929879481,0.414276718132,-0.080369281745
GRID,1347,,0.480836726150,0.414276718132,0.028428985580
GRID,1348,,0.480836726150,0.414276718132,-0.079387732483
GRID,1349,,0.509743572819,0.414276718132,0.026977176216
GRID,1350,,0.509743572819,0.414276718132,-0.078080457334
GRID,1351,,0.538650419488,0.414276718132,0.024469071919
GRID,1352,,0.538650419488,0.414276718132,-0.075909279676
GRID,1353,,0.567557266158,0.414276718132,0.021960967622
GRID,1354,,0.567557266158,0.414276718132,-0.073738102018
GRID,1355,,0.596464112827,0.414276718132,0.019447774768
GRID,1356,,0.596464112827,0.414276718132,-0.071570825463
GRID,1357,,0.625370959496,0.414276718132,0.016812334165
GRID,1358,,0.625370959496,0.414276718132,-0.069476303956
GRID,1359,,0.654277806165,0.414276718132,0.014064860314
GRID,1360,,0.654277806165,0.414276718132,-0.067444836088
GRID,1361,,0.683184652834,0.414276718132,0.011291039640
GRID,1362,,0.683184652834,0.414276718132,-0.065357704669
GRID,1363,,0.712091499503,0.414276718132,0.007956193740
GRID,1364,,0.712091499503,0.414276718132,-0.062530700269
GRID,1365,,0.740998346173,0.414276718132,0.004621347839
GRID,1366,,0.740998346173,0.414276718132,-0.059703695869
GRID,1367,,0.769905192842,0.414276718132,0.001216428363
GRID,1368,,0.769905192842,0.414276718132,-0.056924108313
GRID,1369,,0.252279416584,0.466061307899,0.028330011133
GRID,1370,,0.252279416584,0.466061307899,-0.085244626847
GRID,1371,,0.281082191220,0.466061307899,0.029597735149
GRID,1372,,0.281082191220,0.466061307899,-0.086261448292
GRID,1373,,0.309884965856,0.466061307899,0.030861365429
GRID,1374,,0.309884965856,0.466061307899,-0.087280243396
GRID,1375,,0.338687740492,0.466061307899,0.030937409259
GRID,1376,,0.338687740492,0.466061307899,-0.087338260328
GRID,1377,,0.367490515128,0.466061307899,0.029753934574
GRID,1378,,0.367490515128,0.466061307899,-0.086414369143
GRID,1379,,0.396293289764,0.466061307899,0.028574746151
GRID,1380,,0.396293289764,0.466061307899,-0.085487525846
GRID,1381,,0.425096064400,0.466061307899,0.027457355303
GRID,1382,,0.425096064400,0.466061307899,-0.084524735278
GRID,1383,,0.453898839035,0.466061307899,0.026355959855
GRID,1384,,0.453898839035,0.466061307899,-0.083553063567
GRID,1385,,0.482701613671,0.466061307899,0.025254564407
GRID,1386,,0.482701613671,0.466061307899,-0.082581391857
GRID,1387,,0.511504388307,0.466061307899,0.023791104920
GRID,1388,,0.511504388307,0.466061307899,-0.081285269099
GRID,1389,,0.540307162943,0.466061307899,0.021259425068
GRID,1390,,0.540307162943,0.466061307899,-0.079140935209
GRID,1391,,0.569109937579,0.466061307899,0.018727745216
GRID,1392,,0.569109937579,0.466061307899,-0.076996601319
GRID,1393,,0.597912712215,0.466061307899,0.016185888248
GRID,1394,,0.597912712215,0.466061307899,-0.074860069634
GRID,1395,,0.626715486851,0.466061307899,0.013502107064
GRID,1396,,0.626715486851,0.466061307899,-0.072806481208
GRID,1397,,0.655518261487,0.466061307899,0.010724964840
GRID,1398,,0.655518261487,0.466061307899,-0.070805437481
GRID,1399,,0.684321036123,0.466061307899,0.007921788886
GRID,1400,,0.684321036123,0.466061307899,-0.068747673919
GRID,1401,,0.713123810759,0.466061307899,0.004550385243
GRID,1402,,0.713123810759,0.466061307899,-0.065960194189
GRID,1403,,0.741926585395,0.466061307899,0.001178981601
GRID,1404,,0.741926585395,0.466061307899,-0.063172714460
GRID,1405,,0.770729360031,0.466061307899,-0.002294376954
GRID,1406,,0.770729360031,0.466061307899,-0.060452749593
GRID,1407,,0.254976880371,0.517845897665,0.025170340508
GRID,1408,,0.254976880371,0.517845897665,-0.088422176720
GRID,1409,,0.283675582974,0.517845897665,0.026456694601
GRID,1410,,0.283675582974,0.517845897665,-0.089422676842
GRID,1411,,0.312374285576,0.517845897665,0.027736908090
GRID,1412,,0.312374285576,0.517845897665,-0.090426137452
GRID,1413,,0.341072988179,0.517845897665,0.027810716903
GRID,1414,,0.341072988179,0.517845897665,-0.090475106905
GRID,1415,,0.369771690782,0.517845897665,0.026618258685
GRID,1416,,0.369771690782,0.517845897665,-0.089562290295
GRID,1417,,0.398470393384,0.517845897665,0.025429229477
GRID,1418,,0.398470393384,0.517845897665,-0.088647111994
GRID,1419,,0.427169095987,0.517845897665,0.024296871996
GRID,1420,,0.427169095987,0.517845897665,-0.087698639549
GRID,1421,,0.455867798590,0.517845897665,0.023188507615
GRID,1422,,0.455867798590,0.517845897665,-0.086736845389
GRID,1423,,0.484566501193,0.517845897665,0.022080143233
GRID,1424,,0.484566501193,0.517845897665,-0.085775051230
GRID,1425,,0.513265203795,0.517845897665,0.020605033624
GRID,1426,,0.513265203795,0.517845897665,-0.084490080865
GRID,1427,,0.541963906398,0.517845897665,0.018049778217
GRID,1428,,0.541963906398,0.517845897665,-0.082372590742
GRID,1429,,0.570662609001,0.517845897665,0.015494522809
GRID,1430,,0.570662609001,0.517845897665,-0.080255100619
GRID,1431,,0.599361311604,0.517845897665,0.012924001728
GRID,1432,,0.599361311604,0.517845897665,-0.078149313805
GRID,1433,,0.628060014206,0.517845897665,0.010191879963
GRID,1434,,0.628060014206,0.517845897665,-0.076136658460
GRID,1435,,0.656758716809,0.517845897665,0.007385069366
GRID,1436,,0.656758716809,0.517845897665,-0.074166038875
GRID,1437,,0.685457419412,0.517845897665,0.004552538131
GRID,1438,,0.685457419412,0.517845897665,-0.072137643169
GRID,1439,,0.714156122014,0.517845897665,0.001144576747
GRID,1440,,0.714156122014,0.517845897665,-0.069389688109
GRID,1441,,0.742854824617,0.517845897665,-0.002263384637
GRID,1442,,0.742854824617,0.517845897665,-0.066641733050
GRID,1443,,0.771553527220,0.517845897665,-0.005805182270
GRID,1444,,0.771553527220,0.517845897665,-0.063981390872
GRID,1445,,0.257674344158,0.569630487432,0.022010669882
GRID,1446,,0.257674344158,0.569630487432,-0.091599726593
GRID,1447,,0.286268974727,0.569630487432,0.023315654053
GRID,1448,,0.286268974727,0.569630487432,-0.092583905392
GRID,1449,,0.314863605297,0.569630487432,0.024612450751
GRID,1450,,0.314863605297,0.569630487432,-0.093572031508
GRID,1451,,0.343458235866,0.569630487432,0.024684024546
GRID,1452,,0.343458235866,0.569630487432,-0.093611953482
GRID,1453,,0.372052866436,0.569630487432,0.023482582796
GRID,1454,,0.372052866436,0.569630487432,-0.092710211446
GRID,1455,,0.400647497005,0.569630487432,0.022283712803
GRID,1456,,0.400647497005,0.569630487432,-0.091806698143
GRID,1457,,0.429242127575,0.569630487432,0.021136388689
GRID,1458,,0.429242127575,0.569630487432,-0.090872543820
GRID,1459,,0.457836758144,0.569630487432,0.020021055375
GRID,1460,,0.457836758144,0.569630487432,-0.089920627212
GRID,1461,,0.486431388714,0.569630487432,0.018905722060
GRID,1462,,0.486431388714,0.569630487432,-0.088968710604
GRID,1463,,0.515026019283,0.569630487432,0.017418962328
GRID,1464,,0.515026019283,0.569630487432,-0.087694892630
GRID,1465,,0.543620649853,0.569630487432,0.014840131365
GRID,1466,,0.543620649853,0.569630487432,-0.085604246275
GRID,1467,,0.572215280422,0.569630487432,0.012261300402
GRID,1468,,0.572215280422,0.569630487432,-0.083513599919
GRID,1469,,0.600809910992,0.569630487432,0.009662115209
GRID,1470,,0.600809910992,0.569630487432,-0.081438557975
GRID,1471,,0.629404541561,0.569630487432,0.006881652863
GRID,1472,,0.629404541561,0.569630487432,-0.079466835712
GRID,1473,,0.657999172131,0.569630487432,0.004045173892
GRID,1474,,0.657999172131,0.569630487432,-0.077526640268
GRID,1475,,0.686593802700,0.569630487432,0.001183287376
GRID,1476,,0.686593802700,0.569630487432,-0.075527612419
GRID,1477,,0.715188433270,0.569630487432,-0.002261231749
GRID,1478,,0.715188433270,0.569630487432,-0.072819182030
GRID,1479,,0.743783063839,0.569630487432,-0.005705750875
GRID,1480,,0.743783063839,0.569630487432,-0.070110751640
GRID,1481,,0.772377694409,0.569630487432,-0.009315987586
GRID,1482,,0.772377694409,0.569630487432,-0.067510032151
GRID,1483,,0.260371807945,0.621415077198,0.018850999256
GRID,1484,,0.260371807945,0.621415077198,-0.094777276466
GRID,1485,,0.288862366481,0.621415077198,0.020174613505
GRID,1486,,0.288862366481,0.621415077198,-0.095745133942
GRID,1487,,0.317352925017,0.621415077198,0.021487993413
GRID,1488,,0.317352925017,0.621415077198,-0.096717925564
GRID,1489,,0.345843483554,0.621415077198,0.021557332189
GRID,1490,,0.345843483554,0.621415077198,-0.096748800059
GRID,1491,,0.374334042090,0.621415077198,0.020346906906
GRID,1492,,0.374334042090,0.621415077198,-0.095858132598
GRID,1493,,0.402824600626,0.621415077198,0.019138196129
GRID,1494,,0.402824600626,0.621415077198,-0.094966284291
GRID,1495,,0.431315159163,0.621415077198,0.017975905382
GRID,1496,,0.431315159163,0.621415077198,-0.094046448091
GRID,1497,,0.459805717699,0.621415077198,0.016853603134
GRID,1498,,0.459805717699,0.621415077198,-0.093104409034
GRID,1499,,0.488296276235,0.621415077198,0.015731300887
GRID,1500,,0.488296276235,0.621415077198,-0.092162369977
GRID,1501,,0.516786834771,0.621415077198,0.014232891032
GRID,1502,,0.516786834771,0.621415077198,-0.090899704396
GRID,1503,,0.545277393308,0.621415077198,0.011630484514
GRID,1504,,0.545277393308,0.621415077198,-0.088835901807
GRID,1505,,0.573767951844,0.621415077198,0.009028077996
GRID,1506,,0.573767951844,0.621415077198,-0.086772099219
GRID,1507,,0.602258510380,0.621415077198,0.006400228689
GRID,1508,,0.602258510380,0.621415077198,-0.084727802146
GRID,1509,,0.630749068917,0.621415077198,0.003571425762
GRID,1510,,0.630749068917,0.621415077198,-0.082797012964
GRID,1511,,0.659239627453,0.621415077198,0.000705278418
GRID,1512,,0.659239627453,0.621415077198,-0.080887241662
GRID,1513,,0.687730185989,0.621415077198,-0.002185963378
GRID,1514,,0.687730185989,0.621415077198,-0.078917581668
GRID,1515,,0.716220744525,0.621415077198,-0.005667040245
GRID,1516,,0.716220744525,0.621415077198,-0.076248675950
GRID,1517,,0.744711303062,0.621415077198,-0.009148117112
GRID,1518,,0.744711303062,0.621415077198,-0.073579770231
GRID,1519,,0.773201861598,0.621415077198,-0.012826792903
GRID,1520,,0.773201861598,0.621415077198,-0.071038673430
GRID,1521,,0.263069271732,0.673199666965,0.015691328630
GRID,1522,,0.263069271732,0.673199666965,-0.097954826339
GRID,1523,,0.291455758235,0.673199666965,0.017033572957
GRID,1524,,0.291455758235,0.673199666965,-0.098906362491
GRID,1525,,0.319842244738,0.673199666965,0.018363536074
GRID,1526,,0.319842244738,0.673199666965,-0.099863819621
GRID,1527,,0.348228731241,0.673199666965,0.018430639832
GRID,1528,,0.348228731241,0.673199666965,-0.099885646637
GRID,1529,,0.376615217744,0.673199666965,0.017211231017
GRID,1530,,0.376615217744,0.673199666965,-0.099006053749
GRID,1531,,0.405001704247,0.673199666965,0.015992679455
GRID,1532,,0.405001704247,0.673199666965,-0.098125870439
GRID,1533,,0.433388190750,0.673199666965,0.014815422076
GRID,1534,,0.433388190750,0.673199666965,-0.097220352361
GRID,1535,,0.461774677253,0.673199666965,0.013686150894
GRID,1536,,0.461774677253,0.673199666965,-0.096288190856
GRID,1537,,0.490161163756,0.673199666965,0.012556879713
GRID,1538,,0.490161163756,0.673199666965,-0.095356029351
GRID,1539,,0.518547650259,0.673199666965,0.011046819736
GRID,1540,,0.518547650259,0.673199666965,-0.094104516161
GRID,1541,,0.546934136763,0.673199666965,0.008420837663
GRID,1542,,0.546934136763,0.673199666965,-0.092067557340
GRID,1543,,0.575320623266,0.673199666965,0.005794855589
GRID,1544,,0.575320623266,0.673199666965,-0.090030598519
GRID,1545,,0.603707109769,0.673199666965,0.003138342170
GRID,1546,,0.603707109769,0.673199666965,-0.088017046316
GRID,1547,,0.632093596272,0.673199666965,0.000261198661
GRID,1548,,0.632093596272,0.673199666965,-0.086127190216
GRID,1549,,0.660480082775,0.673199666965,-0.002634617056
GRID,1550,,0.660480082775,0.673199666965,-0.084247843055
GRID,1551,,0.688866569278,0.673199666965,-0.005555214133
GRID,1552,,0.688866569278,0.673199666965,-0.082307550918
GRID,1553,,0.717253055781,0.673199666965,-0.009072848742
GRID,1554,,0.717253055781,0.673199666965,-0.079678169870
GRID,1555,,0.745639542284,0.673199666965,-0.012590483350
GRID,1556,,0.745639542284,0.673199666965,-0.077048788821
GRID,1557,,0.774026028787,0.673199666965,-0.016337598219
GRID,1558,,0.774026028787,0.673199666965,-0.074567314710
GRID,1559,,0.268464199306,0.776768846498,0.009368433512
GRID,1560,,0.268464199306,0.776768846498,-0.104311828013
GRID,1561,,0.296642541742,0.776768846498,0.010747458070
GRID,1562,,0.296642541742,0.776768846498,-0.105230867161
GRID,1563,,0.324820884179,0.776768846498,0.012113837193
GRID,1564,,0.324820884179,0.776768846498,-0.106155827285
GRID,1565,,0.352999226616,0.776768846498,0.012176283334
GRID,1566,,0.352999226616,0.776768846498,-0.106160061688
GRID,1567,,0.381177569052,0.776768846498,0.010937981278
GRID,1568,,0.381177569052,0.776768846498,-0.105303191062
GRID,1569,,0.409355911489,0.776768846498,0.009699679222
GRID,1570,,0.409355911489,0.776768846498,-0.104446320436
GRID,1571,,0.437534253926,0.776768846498,0.008498999455
GRID,1572,,0.437534253926,0.776768846498,-0.103565762650
GRID,1573,,0.465712596362,0.776768846498,0.007354114905
GRID,1574,,0.465712596362,0.776768846498,-0.102654355426
GRID,1575,,0.493890938799,0.776768846498,0.006209230355
GRID,1576,,0.493890938799,0.776768846498,-0.101742948203
GRID,1577,,0.522069281236,0.776768846498,0.004673217077
GRID,1578,,0.522069281236,0.776768846498,-0.100515934110
GRID,1579,,0.550247623672,0.776768846498,0.001995006413
GRID,1580,,0.550247623672,0.776768846498,-0.098535650052
GRID,1581,,0.578425966109,0.776768846498,-0.000683204250
GRID,1582,,0.578425966109,0.776768846498,-0.096555365995
GRID,1583,,0.606604308545,0.776768846498,-0.003395017341
GRID,1584,,0.606604308545,0.776768846498,-0.094601865051
GRID,1585,,0.634782650982,0.776768846498,-0.006353034577
GRID,1586,,0.634782650982,0.776768846498,-0.092785071672
GRID,1587,,0.662960993419,0.776768846498,-0.009311051814
GRID,1588,,0.662960993419,0.776768846498,-0.090968278293
GRID,1589,,0.691139335855,0.776768846498,-0.012293244084
GRID,1590,,0.691139335855,0.776768846498,-0.089088923897
GRID,1591,,0.719317678292,0.776768846498,-0.015891686976
GRID,1592,,0.719317678292,0.776768846498,-0.086543184123
GRID,1593,,0.747496020729,0.776768846498,-0.019490129868
GRID,1594,,0.747496020729,0.776768846498,-0.083997444349
GRID,1595,,0.775674363165,0.776768846498,-0.023350419903
GRID,1596,,0.775674363165,0.776768846498,-0.081620954637
GRID,1597,,0.271161663093,0.828553436264,0.006205209020
GRID,1598,,0.271161663093,0.828553436264,-0.107491279814
GRID,1599,,0.299235933496,0.828553436264,0.007602383732
GRID,1600,,0.299235933496,0.828553436264,-0.108394143280
GRID,1601,,0.327310203900,0.828553436264,0.008988595649
GRID,1602,,0.327310203900,0.828553436264,-0.109301940893
GRID,1603,,0.355384474303,0.828553436264,0.009048619193
GRID,1604,,0.355384474303,0.828553436264,-0.109297630163
GRID,1605,,0.383458744706,0.828553436264,0.007800407428
GRID,1606,,0.383458744706,0.828553436264,-0.108452407224
GRID,1607,,0.411533015110,0.828553436264,0.006552195663
GRID,1608,,0.411533015110,0.828553436264,-0.107607184285
GRID,1609,,0.439607285513,0.828553436264,0.005343060142
GRID,1610,,0.439607285513,0.828553436264,-0.106737268668
GRID,1611,,0.467681555917,0.828553436264,0.004189531156
GRID,1612,,0.467681555917,0.828553436264,-0.105836738175
GRID,1613,,0.495755826320,0.828553436264,0.003036002170
GRID,1614,,0.495755826320,0.828553436264,-0.104936207682
GRID,1615,,0.523830096724,0.828553436264,0.001485685713
GRID,1616,,0.523830096724,0.828553436264,-0.103722540293
GRID,1617,,0.551904367127,0.828553436264,-0.001221177984
GRID,1618,,0.551904367127,0.828553436264,-0.101772087232
GRID,1619,,0.579978637530,0.828553436264,-0.003928041682
GRID,1620,,0.579978637530,0.828553436264,-0.099821634171
GRID,1621,,0.608052907934,0.828553436264,-0.006666490331
GRID,1622,,0.608052907934,0.828553436264,-0.097897439615
GRID,1623,,0.636127178337,0.828553436264,-0.009657040715
GRID,1624,,0.636127178337,0.828553436264,-0.096112775876
GRID,1625,,0.664201448741,0.828553436264,-0.012647591099
GRID,1626,,0.664201448741,0.828553436264,-0.094328112137
GRID,1627,,0.692275719144,0.828553436264,-0.015662023280
GRID,1628,,0.692275719144,0.828553436264,-0.092480327625
GRID,1629,,0.720349989547,0.828553436264,-0.019304716714
GRID,1630,,0.720349989547,0.828553436264,-0.089978704455
GRID,1631,,0.748424259951,0.828553436264,-0.022947410148
GRID,1632,,0.748424259951,0.828553436264,-0.087477081285
GRID,1633,,0.776498530354,0.828553436264,-0.026852436270
GRID,1634,,0.776498530354,0.828553436264,-0.085145953285
GRID,1635,,0.273859126880,0.880338026031,0.003041984529
GRID,1636,,0.273859126880,0.880338026031,-0.110670731615
GRID,1637,,0.301829325250,0.880338026031,0.004457309394
GRID,1638,,0.301829325250,0.880338026031,-0.111557419399
GRID,1639,,0.329799523620,0.880338026031,0.005863354106
GRID,1640,,0.329799523620,0.880338026031,-0.112448054502
GRID,1641,,0.357769721990,0.880338026031,0.005920955052
GRID,1642,,0.357769721990,0.880338026031,-0.112435198638
GRID,1643,,0.385739920361,0.880338026031,0.004662833579
GRID,1644,,0.385739920361,0.880338026031,-0.111601623385
GRID,1645,,0.413710118731,0.880338026031,0.003404712105
GRID,1646,,0.413710118731,0.880338026031,-0.110768048133
GRID,1647,,0.441680317101,0.880338026031,0.002187120829
GRID,1648,,0.441680317101,0.880338026031,-0.109908774685
GRID,1649,,0.469650515471,0.880338026031,0.001024947407
GRID,1650,,0.469650515471,0.880338026031,-0.109019120923
GRID,1651,,0.497620713841,0.880338026031,-0.000137226015
GRID,1652,,0.497620713841,0.880338026031,-0.108129467160
GRID,1653,,0.525590912212,0.880338026031,-0.001701845650
GRID,1654,,0.525590912212,0.880338026031,-0.106929146476
GRID,1655,,0.553561110582,0.880338026031,-0.004437362382
GRID,1656,,0.553561110582,0.880338026031,-0.105008524411
GRID,1657,,0.581531308952,0.880338026031,-0.007172879115
GRID,1658,,0.581531308952,0.880338026031,-0.103087902346
GRID,1659,,0.609501507322,0.880338026031,-0.009937963322
GRID,1660,,0.609501507322,0.880338026031,-0.101193014180
GRID,1661,,0.637471705692,0.880338026031,-0.012961046853
GRID,1662,,0.637471705692,0.880338026031,-0.099440480080
GRID,1663,,0.665441904063,0.880338026031,-0.015984130384
GRID,1664,,0.665441904063,0.880338026031,-0.097687945980
GRID,1665,,0.693412102433,0.880338026031,-0.019030802477
GRID,1666,,0.693412102433,0.880338026031,-0.095871731354
GRID,1667,,0.721382300803,0.880338026031,-0.022717746453
GRID,1668,,0.721382300803,0.880338026031,-0.093414224788
GRID,1669,,0.749352499173,0.880338026031,-0.026404690428
GRID,1670,,0.749352499173,0.880338026031,-0.090956718222
GRID,1671,,0.777322697543,0.880338026031,-0.030354452637
GRID,1672,,0.777322697543,0.880338026031,-0.088670951933
GRID,1673,,0.276556590667,0.932122615797,-0.000121239963
GRID,1674,,0.276556590667,0.932122615797,-0.113850183416
GRID,1675,,0.304422717004,0.932122615797,0.001312235056
GRID,1676,,0.304422717004,0.932122615797,-0.114720695519
GRID,1677,,0.332288843341,0.932122615797,0.002738112563
GRID,1678,,0.332288843341,0.932122615797,-0.115594168110
GRID,1679,,0.360154969678,0.932122615797,0.002793290912
GRID,1680,,0.360154969678,0.932122615797,-0.115572767112
GRID,1681,,0.388021096015,0.932122615797,0.001525259729
GRID,1682,,0.388021096015,0.932122615797,-0.114750839547
GRID,1683,,0.415887222352,0.932122615797,0.000257228546
GRID,1684,,0.415887222352,0.932122615797,-0.113928911981
GRID,1685,,0.443753348689,0.932122615797,-0.000968818484
GRID,1686,,0.443753348689,0.932122615797,-0.113080280703
GRID,1687,,0.471619475026,0.932122615797,-0.002139636342
GRID,1688,,0.471619475026,0.932122615797,-0.112201503671
GRID,1689,,0.499485601363,0.932122615797,-0.003310454200
GRID,1690,,0.499485601363,0.932122615797,-0.111322726639
GRID,1691,,0.527351727700,0.932122615797,-0.004889377013
GRID,1692,,0.527351727700,0.932122615797,-0.110135752660
GRID,1693,,0.555217854037,0.932122615797,-0.007653546780
GRID,1694,,0.555217854037,0.932122615797,-0.108244961591
GRID,1695,,0.583083980374,0.932122615797,-0.010417716547
GRID,1696,,0.583083980374,0.932122615797,-0.106354170522
GRID,1697,,0.610950106711,0.932122615797,-0.013209436313
GRID,1698,,0.610950106711,0.932122615797,-0.104488588744
GRID,1699,,0.638816233048,0.932122615797,-0.016265052991
GRID,1700,,0.638816233048,0.932122615797,-0.102768184284
GRID,1701,,0.666682359385,0.932122615797,-0.019320669668
GRID,1702,,0.666682359385,0.932122615797,-0.101047779824
GRID,1703,,0.694548485722,0.932122615797,-0.022399581673
GRID,1704,,0.694548485722,0.932122615797,-0.099263135082
GRID,1705,,0.722414612058,0.932122615797,-0.026130776191
GRID,1706,,0.722414612058,0.932122615797,-0.096849745121
GRID,1707,,0.750280738395,0.932122615797,-0.029861970708
GRID,1708,,0.750280738395,0.932122615797,-0.094436355159
GRID,1709,,0.778146864732,0.932122615797,-0.033856469004
GRID,1710,,0.778146864732,0.932122615797,-0.092195950581
GRID,1711,,0.279254054454,0.983907205564,-0.003284464455
GRID,1712,,0.279254054454,0.983907205564,-0.117029635217
GRID,1713,,0.307016108758,0.983907205564,-0.001832839282
GRID,1714,,0.307016108758,0.983907205564,-0.117883971638
GRID,1715,,0.334778163061,0.983907205564,-0.000387128981
GRID,1716,,0.334778163061,0.983907205564,-0.118740281718
GRID,1717,,0.362540217365,0.983907205564,-0.000334373229
GRID,1718,,0.362540217365,0.983907205564,-0.118710335587
GRID,1719,,0.390302271669,0.983907205564,-0.001612314121
GRID,1720,,0.390302271669,0.983907205564,-0.117900055708
GRID,1721,,0.418064325973,0.983907205564,-0.002890255012
GRID,1722,,0.418064325973,0.983907205564,-0.117089775830
GRID,1723,,0.445826380276,0.983907205564,-0.004124757797
GRID,1724,,0.445826380276,0.983907205564,-0.116251786720
GRID,1725,,0.473588434580,0.983907205564,-0.005304220091
GRID,1726,,0.473588434580,0.983907205564,-0.115383886419
GRID,1727,,0.501350488884,0.983907205564,-0.006483682385
GRID,1728,,0.501350488884,0.983907205564,-0.114515986118
GRID,1729,,0.529112543188,0.983907205564,-0.008076908377
GRID,1730,,0.529112543188,0.983907205564,-0.113342358843
GRID,1731,,0.556874597491,0.983907205564,-0.010869731178
GRID,1732,,0.556874597491,0.983907205564,-0.111481398770
GRID,1733,,0.584636651795,0.983907205564,-0.013662553979
GRID,1734,,0.584636651795,0.983907205564,-0.109620438697
GRID,1735,,0.612398706099,0.983907205564,-0.016480909304
GRID,1736,,0.612398706099,0.983907205564,-0.107784163308
GRID,1737,,0.640160760403,0.983907205564,-0.019569059128
GRID,1738,,0.640160760403,0.983907205564,-0.106095888488
GRID,1739,,0.667922814706,0.983907205564,-0.022657208953
GRID,1740,,0.667922814706,0.983907205564,-0.104407613668
GRID,1741,,0.695684869010,0.983907205564,-0.025768360870
GRID,1742,,0.695684869010,0.983907205564,-0.102654538811
GRID,1743,,0.723446923314,0.983907205564,-0.029543805929
GRID,1744,,0.723446923314,0.983907205564,-0.100285265453
GRID,1745,,0.751208977618,0.983907205564,-0.033319250988
GRID,1746,,0.751208977618,0.983907205564,-0.097915992096
GRID,1747,,0.778971031922,0.983907205564,-0.037358485372
GRID,1748,,0.778971031922,0.983907205564,-0.095720949229
GRID,1749,,0.281951518241,1.035691795330,-0.006447688947
GRID,1750,,0.281951518241,1.035691795330,-0.120209087018
GRID,1751,,0.309609500511,1.035691795330,-0.004977913620
GRID,1752,,0.309609500511,1.035691795330,-0.121047247757
GRID,1753,,0.337267482782,1.035691795330,-0.003512370524
GRID,1754,,0.337267482782,1.035691795330,-0.121886395327
GRID,1755,,0.364925465052,1.035691795330,-0.003462037370
GRID,1756,,0.364925465052,1.035691795330,-0.121847904061
GRID,1757,,0.392583447323,1.035691795330,-0.004749887970
GRID,1758,,0.392583447323,1.035691795330,-0.121049271870
GRID,1759,,0.420241429594,1.035691795330,-0.006037738571
GRID,1760,,0.420241429594,1.035691795330,-0.120250639678
GRID,1761,,0.447899411864,1.035691795330,-0.007280697110
GRID,1762,,0.447899411864,1.035691795330,-0.119423292738
GRID,1763,,0.475557394135,1.035691795330,-0.008468803840
GRID,1764,,0.475557394135,1.035691795330,-0.118566269167
GRID,1765,,0.503215376405,1.035691795330,-0.009656910569
GRID,1766,,0.503215376405,1.035691795330,-0.117709245596
GRID,1767,,0.530873358676,1.035691795330,-0.011264439740
GRID,1768,,0.530873358676,1.035691795330,-0.116548965026
GRID,1769,,0.558531340946,1.035691795330,-0.014085915576
GRID,1770,,0.558531340946,1.035691795330,-0.114717835950
GRID,1771,,0.586189323217,1.035691795330,-0.016907391412
GRID,1772,,0.586189323217,1.035691795330,-0.112886706873
GRID,1773,,0.613847305487,1.035691795330,-0.019752382294
GRID,1774,,0.613847305487,1.035691795330,-0.111079737873
GRID,1775,,0.641505287758,1.035691795330,-0.022873065266
GRID,1776,,0.641505287758,1.035691795330,-0.109423592692
GRID,1777,,0.669163270028,1.035691795330,-0.025993748238
GRID,1778,,0.669163270028,1.035691795330,-0.107767447512
GRID,1779,,0.696821252299,1.035691795330,-0.029137140066
GRID,1780,,0.696821252299,1.035691795330,-0.106045942539
GRID,1781,,0.724479234570,1.035691795330,-0.032956835667
GRID,1782,,0.724479234570,1.035691795330,-0.103720785786
GRID,1783,,0.752137216840,1.035691795330,-0.036776531268
GRID,1784,,0.752137216840,1.035691795330,-0.101395629033
GRID,1785,,0.779795199111,1.035691795330,-0.040860501739
GRID,1786,,0.779795199111,1.035691795330,-0.099245947877
GRID,1787,,0.287346445815,1.139260974863,-0.012778726047
GRID,1788,,0.287346445815,1.139260974863,-0.126570636186
GRID,1789,,0.314796284019,1.139260974863,-0.011269607298
GRID,1790,,0.314796284019,1.139260974863,-0.127374457764
GRID,1791,,0.342246122223,1.139260974863,-0.009762673912
GRID,1792,,0.342246122223,1.139260974863,-0.128178279342
GRID,1793,,0.369695960427,1.139260974863,-0.009717797863
GRID,1794,,0.369695960427,1.139260974863,-0.128123454071
GRID,1795,,0.397145798631,1.139260974863,-0.011025210520
GRID,1796,,0.397145798631,1.139260974863,-0.127348002324
GRID,1797,,0.424595636835,1.139260974863,-0.012332623178
GRID,1798,,0.424595636835,1.139260974863,-0.126572550577
GRID,1799,,0.452045475039,1.139260974863,-0.013590218262
GRID,1800,,0.452045475039,1.139260974863,-0.125765202946
GRID,1801,,0.479495313244,1.139260974863,-0.014796497622
GRID,1802,,0.479495313244,1.139260974863,-0.124930480335
GRID,1803,,0.506945151448,1.139260974863,-0.016002776981
GRID,1804,,0.506945151448,1.139260974863,-0.124095757723
GRID,1805,,0.534394989652,1.139260974863,-0.017640405320
GRID,1806,,0.534394989652,1.139260974863,-0.122963794147
GRID,1807,,0.561844827856,1.139260974863,-0.020521922567
GRID,1808,,0.561844827856,1.139260974863,-0.121193956105
GRID,1809,,0.589294666060,1.139260974863,-0.023403439814
GRID,1810,,0.589294666060,1.139260974863,-0.119424118062
GRID,1811,,0.616744504264,1.139260974863,-0.026303383550
GRID,1812,,0.616744504264,1.139260974863,-0.117674538992
GRID,1813,,0.644194342468,1.139260974863,-0.029481732523
GRID,1814,,0.644194342468,1.139260974863,-0.116080564696
GRID,1815,,0.671644180672,1.139260974863,-0.032666809440
GRID,1816,,0.671644180672,1.139260974863,-0.114488320472
GRID,1817,,0.699094018876,1.139260974863,-0.035873907379
GRID,1818,,0.699094018876,1.139260974863,-0.112830258043
GRID,1819,,0.726543857081,1.139260974863,-0.039786354718
GRID,1820,,0.726543857081,1.139260974863,-0.110595826098
GRID,1821,,0.753993695285,1.139260974863,-0.043698802056
GRID,1822,,0.753993695285,1.139260974863,-0.108361394153
GRID,1823,,0.781443533489,1.139260974863,-0.047864797002
GRID,1824,,0.781443533489,1.139260974863,-0.106297806860
GRID,1825,,0.290043909602,1.191045564630,-0.015946538656
GRID,1826,,0.290043909602,1.191045564630,-0.129752733553
GRID,1827,,0.317389675773,1.191045564630,-0.014416226638
GRID,1828,,0.317389675773,1.191045564630,-0.130538391651
GRID,1829,,0.344735441944,1.191045564630,-0.012887735756
GRID,1830,,0.344735441944,1.191045564630,-0.131324049749
GRID,1831,,0.372081208114,1.191045564630,-0.012845894216
GRID,1832,,0.372081208114,1.191045564630,-0.131261435606
GRID,1833,,0.399426974285,1.191045564630,-0.014162959221
GRID,1834,,0.399426974285,1.191045564630,-0.130497516617
GRID,1835,,0.426772740456,1.191045564630,-0.015480024226
GRID,1836,,0.426772740456,1.191045564630,-0.129733597627
GRID,1837,,0.454118506627,1.191045564630,-0.016743800101
GRID,1838,,0.454118506627,1.191045564630,-0.128935607137
GRID,1839,,0.481464272798,1.191045564630,-0.017959607654
GRID,1840,,0.481464272798,1.191045564630,-0.128112308754
GRID,1841,,0.508810038969,1.191045564630,-0.019175415207
GRID,1842,,0.508810038969,1.191045564630,-0.127289010372
GRID,1843,,0.536155805140,1.191045564630,-0.020828839538
GRID,1844,,0.536155805140,1.191045564630,-0.126172017085
GRID,1845,,0.563501571311,1.191045564630,-0.023741745161
GRID,1846,,0.563501571311,1.191045564630,-0.124433639080
GRID,1847,,0.590847337482,1.191045564630,-0.026654650784
GRID,1848,,0.590847337482,1.191045564630,-0.122695261075
GRID,1849,,0.618193103652,1.191045564630,-0.029582911815
GRID,1850,,0.618193103652,1.191045564630,-0.120973765548
GRID,1851,,0.645538869823,1.191045564630,-0.032786393643
GRID,1852,,0.645538869823,1.191045564630,-0.119409832495
GRID,1853,,0.672884635994,1.191045564630,-0.036003331358
GRID,1854,,0.672884635994,1.191045564630,-0.117849359588
GRID,1855,,0.700230402165,1.191045564630,-0.039241895495
GRID,1856,,0.700230402165,1.191045564630,-0.116223169818
GRID,1857,,0.727576168336,1.191045564630,-0.043202844030
GRID,1858,,0.727576168336,1.191045564630,-0.114035346077
GRID,1859,,0.754921934507,1.191045564630,-0.047163792564
GRID,1860,,0.754921934507,1.191045564630,-0.111847522337
GRID,1861,,0.782267700678,1.191045564630,-0.051367075899
GRID,1862,,0.782267700678,1.191045564630,-0.109824667196
GRID,1863,,0.292741373389,1.242830154396,-0.019114351265
GRID,1864,,0.292741373389,1.242830154396,-0.132934830920
GRID,1865,,0.319983067526,1.242830154396,-0.017562845979
GRID,1866,,0.319983067526,1.242830154396,-0.133702325538
GRID,1867,,0.347224761664,1.242830154396,-0.016012797601
GRID,1868,,0.347224761664,1.242830154396,-0.134469820156
GRID,1869,,0.374466455802,1.242830154396,-0.015973990568
GRID,1870,,0.374466455802,1.242830154396,-0.134399417141
GRID,1871,,0.401708149939,1.242830154396,-0.017300707921
GRID,1872,,0.401708149939,1.242830154396,-0.133647030909
GRID,1873,,0.428949844077,1.242830154396,-0.018627425274
GRID,1874,,0.428949844077,1.242830154396,-0.132894644678
GRID,1875,,0.456191538215,1.242830154396,-0.019897381940
GRID,1876,,0.456191538215,1.242830154396,-0.132106011327
GRID,1877,,0.483433232353,1.242830154396,-0.021122717687
GRID,1878,,0.483433232353,1.242830154396,-0.131294137174
GRID,1879,,0.510674926490,1.242830154396,-0.022348053434
GRID,1880,,0.510674926490,1.242830154396,-0.130482263020
GRID,1881,,0.537916620628,1.242830154396,-0.024017273755
GRID,1882,,0.537916620628,1.242830154396,-0.129380240023
GRID,1883,,0.565158314766,1.242830154396,-0.026961567755
GRID,1884,,0.565158314766,1.242830154396,-0.127673322055
GRID,1885,,0.592400008903,1.242830154396,-0.029905861755
GRID,1886,,0.592400008903,1.242830154396,-0.125966404088
GRID,1887,,0.619641703041,1.242830154396,-0.032862440080
GRID,1888,,0.619641703041,1.242830154396,-0.124272992103
GRID,1889,,0.646883397179,1.242830154396,-0.036091054763
GRID,1890,,0.646883397179,1.242830154396,-0.122739100293
GRID,1891,,0.674125091316,1.242830154396,-0.039339853275
GRID,1892,,0.674125091316,1.242830154396,-0.121210398703
GRID,1893,,0.701366785454,1.242830154396,-0.042609883611
GRID,1894,,0.701366785454,1.242830154396,-0.119616081593
GRID,1895,,0.728608479592,1.242830154396,-0.046619333342
GRID,1896,,0.728608479592,1.242830154396,-0.117474866057
GRID,1897,,0.755850173729,1.242830154396,-0.050628783072
GRID,1898,,0.755850173729,1.242830154396,-0.115333650520
GRID,1899,,0.783091867867,1.242830154396,-0.054869354795
GRID,1900,,0.783091867867,1.242830154396,-0.113351527531
GRID,1901,,0.295438837176,1.294614744163,-0.022282163873
GRID,1902,,0.295438837176,1.294614744163,-0.136116928287
GRID,1903,,0.322576459280,1.294614744163,-0.020709465319
GRID,1904,,0.322576459280,1.294614744163,-0.136866259425
GRID,1905,,0.349714081385,1.294614744163,-0.019137859445
GRID,1906,,0.349714081385,1.294614744163,-0.137615590563
GRID,1907,,0.376851703489,1.294614744163,-0.019102086920
GRID,1908,,0.376851703489,1.294614744163,-0.137537398676
GRID,1909,,0.403989325594,1.294614744163,-0.020438456621
GRID,1910,,0.403989325594,1.294614744163,-0.136796545202
GRID,1911,,0.431126947698,1.294614744163,-0.021774826323
GRID,1912,,0.431126947698,1.294614744163,-0.136055691728
GRID,1913,,0.458264569803,1.294614744163,-0.023050963779
GRID,1914,,0.458264569803,1.294614744163,-0.135276415518
GRID,1915,,0.485402191907,1.294614744163,-0.024285827720
GRID,1916,,0.485402191907,1.294614744163,-0.134475965593
GRID,1917,,0.512539814011,1.294614744163,-0.025520691661
GRID,1918,,0.512539814011,1.294614744163,-0.133675515668
GRID,1919,,0.539677436116,1.294614744163,-0.027205707972
GRID,1920,,0.539677436116,1.294614744163,-0.132588462961
GRID,1921,,0.566815058220,1.294614744163,-0.030181390348
GRID,1922,,0.566815058220,1.294614744163,-0.130913005031
GRID,1923,,0.593952680325,1.294614744163,-0.033157072725
GRID,1924,,0.593952680325,1.294614744163,-0.129237547101
GRID,1925,,0.621090302429,1.294614744163,-0.036141968345
GRID,1926,,0.621090302429,1.294614744163,-0.127572218658
GRID,1927,,0.648227924534,1.294614744163,-0.039395715882
GRID,1928,,0.648227924534,1.294614744163,-0.126068368092
GRID,1929,,0.675365546638,1.294614744163,-0.042676375193
GRID,1930,,0.675365546638,1.294614744163,-0.124571437819
GRID,1931,,0.702503168743,1.294614744163,-0.045977871727
GRID,1932,,0.702503168743,1.294614744163,-0.123008993368
GRID,1933,,0.729640790847,1.294614744163,-0.050035822654
GRID,1934,,0.729640790847,1.294614744163,-0.120914386036
GRID,1935,,0.756778412952,1.294614744163,-0.054093773580
GRID,1936,,0.756778412952,1.294614744163,-0.118819778704
GRID,1937,,0.783916035056,1.294614744163,-0.058371633692
GRID,1938,,0.783916035056,1.294614744163,-0.116878387867
GRID,1939,,0.298136300963,1.346399333929,-0.025449976482
GRID,1940,,0.298136300963,1.346399333929,-0.139299025654
GRID,1941,,0.325169851034,1.346399333929,-0.023856084659
GRID,1942,,0.325169851034,1.346399333929,-0.140030193312
GRID,1943,,0.352203401105,1.346399333929,-0.022262921290
GRID,1944,,0.352203401105,1.346399333929,-0.140761360969
GRID,1945,,0.379236951177,1.346399333929,-0.022230183273
GRID,1946,,0.379236951177,1.346399333929,-0.140675380211
GRID,1947,,0.406270501248,1.346399333929,-0.023576205322
GRID,1948,,0.406270501248,1.346399333929,-0.139946059495
GRID,1949,,0.433304051319,1.346399333929,-0.024922227371
GRID,1950,,0.433304051319,1.346399333929,-0.139216738778
GRID,1951,,0.460337601390,1.346399333929,-0.026204545617
GRID,1952,,0.460337601390,1.346399333929,-0.138446819709
GRID,1953,,0.487371151461,1.346399333929,-0.027448937752
GRID,1954,,0.487371151461,1.346399333929,-0.137657794013
GRID,1955,,0.514404701533,1.346399333929,-0.028693329887
GRID,1956,,0.514404701533,1.346399333929,-0.136868768316
GRID,1957,,0.541438251604,1.346399333929,-0.030394142189
GRID,1958,,0.541438251604,1.346399333929,-0.135796685898
GRID,1959,,0.568471801675,1.346399333929,-0.033401212942
GRID,1960,,0.568471801675,1.346399333929,-0.134152688006
GRID,1961,,0.595505351746,1.346399333929,-0.036408283695
GRID,1962,,0.595505351746,1.346399333929,-0.132508690114
GRID,1963,,0.622538901818,1.346399333929,-0.039421496610
GRID,1964,,0.622538901818,1.346399333929,-0.130871445214
GRID,1965,,0.649572451889,1.346399333929,-0.042700377002
GRID,1966,,0.649572451889,1.346399333929,-0.129397635891
GRID,1967,,0.676606001960,1.346399333929,-0.046012897110
GRID,1968,,0.676606001960,1.346399333929,-0.127932476935
GRID,1969,,0.703639552031,1.346399333929,-0.049345859843
GRID,1970,,0.703639552031,1.346399333929,-0.126401905143
GRID,1971,,0.730673102103,1.346399333929,-0.053452311966
GRID,1972,,0.730673102103,1.346399333929,-0.124353906015
GRID,1973,,0.757706652174,1.346399333929,-0.057558764088
GRID,1974,,0.757706652174,1.346399333929,-0.122305906888
GRID,1975,,0.784740202245,1.346399333929,-0.061873912588
GRID,1976,,0.784740202245,1.346399333929,-0.120405248202
GRID,1977,,0.300833764750,1.398183923696,-0.028617789091
GRID,1978,,0.300833764750,1.398183923696,-0.142481123021
GRID,1979,,0.327763242788,1.398183923696,-0.027002703999
GRID,1980,,0.327763242788,1.398183923696,-0.143194127199
GRID,1981,,0.354692720826,1.398183923696,-0.025387983134
GRID,1982,,0.354692720826,1.398183923696,-0.143907131376
GRID,1983,,0.381622198864,1.398183923696,-0.025358279625
GRID,1984,,0.381622198864,1.398183923696,-0.143813361746
GRID,1985,,0.408551676902,1.398183923696,-0.026713954022
GRID,1986,,0.408551676902,1.398183923696,-0.143095573787
GRID,1987,,0.435481154940,1.398183923696,-0.028069628419
GRID,1988,,0.435481154940,1.398183923696,-0.142377785829
GRID,1989,,0.462410632978,1.398183923696,-0.029358127456
GRID,1990,,0.462410632978,1.398183923696,-0.141617223899
GRID,1991,,0.489340111016,1.398183923696,-0.030612047785
GRID,1992,,0.489340111016,1.398183923696,-0.140839622432
GRID,1993,,0.516269589054,1.398183923696,-0.031865968114
GRID,1994,,0.516269589054,1.398183923696,-0.140062020965
GRID,1995,,0.543199067092,1.398183923696,-0.033582576407
GRID,1996,,0.543199067092,1.398183923696,-0.139004908836
GRID,1997,,0.570128545130,1.398183923696,-0.036621035536
GRID,1998,,0.570128545130,1.398183923696,-0.137392370982
GRID,1999,,0.597058023168,1.398183923696,-0.039659494665
GRID,2000,,0.597058023168,1.398183923696,-0.135779833128
GRID,2001,,0.623987501206,1.398183923696,-0.042701024875
GRID,2002,,0.623987501206,1.398183923696,-0.134170671769
GRID,2003,,0.650916979244,1.398183923696,-0.046005038121
GRID,2004,,0.650916979244,1.398183923696,-0.132726903690
GRID,2005,,0.677846457282,1.398183923696,-0.049349419028
GRID,2006,,0.677846457282,1.398183923696,-0.131293516051
GRID,2007,,0.704775935320,1.398183923696,-0.052713847959
GRID,2008,,0.704775935320,1.398183923696,-0.129794816917
GRID,2009,,0.731705413358,1.398183923696,-0.056868801278
GRID,2010,,0.731705413358,1.398183923696,-0.127793425994
GRID,2011,,0.758634891396,1.398183923696,-0.061023754596
GRID,2012,,0.758634891396,1.398183923696,-0.125792035071
GRID,2013,,0.785564369434,1.398183923696,-0.065376191485
GRID,2014,,0.785564369434,1.398183923696,-0.123932108538
GRID,2015,,0.306228692324,1.501753103229,-0.034951408584
GRID,2016,,0.306228692324,1.501753103229,-0.148843870140
GRID,2017,,0.332950026295,1.501753103229,-0.033294078862
GRID,2018,,0.332950026295,1.501753103229,-0.149520775389
GRID,2019,,0.359671360267,1.501753103229,-0.031636749140
GRID,2020,,0.359671360267,1.501753103229,-0.150197680639
GRID,2021,,0.386392694239,1.501753103229,-0.031614254567
GRID,2022,,0.386392694239,1.501753103229,-0.150089335096
GRID,2023,,0.413114028210,1.501753103229,-0.032987752810
GRID,2024,,0.413114028210,1.501753103229,-0.149393774764
GRID,2025,,0.439835362182,1.501753103229,-0.034361251052
GRID,2026,,0.439835362182,1.501753103229,-0.148698214432
GRID,2027,,0.466556696153,1.501753103229,-0.035666107760
GRID,2028,,0.466556696153,1.501753103229,-0.147958771489
GRID,2029,,0.493278030125,1.501753103229,-0.036938813383
GRID,2030,,0.493278030125,1.501753103229,-0.147203894534
GRID,2031,,0.519999364096,1.501753103229,-0.038211519006
GRID,2032,,0.519999364096,1.501753103229,-0.146449017580
GRID,2033,,0.546720698068,1.501753103229,-0.039959480367
GRID,2034,,0.546720698068,1.501753103229,-0.145422450633
GRID,2035,,0.573442032040,1.501753103229,-0.043059999981
GRID,2036,,0.573442032040,1.501753103229,-0.143872447893
GRID,2037,,0.600163366011,1.501753103229,-0.046160519596
GRID,2038,,0.600163366011,1.501753103229,-0.142322445153
GRID,2039,,0.626884699983,1.501753103229,-0.049261039210
GRID,2040,,0.626884699983,1.501753103229,-0.140773837921
GRID,2041,,0.653606033954,1.501753103229,-0.052622296455
GRID,2042,,0.653606033954,1.501753103229,-0.139391090173
GRID,2043,,0.680327367926,1.501753103229,-0.056026037453
GRID,2044,,0.680327367926,1.501753103229,-0.138018722864
GRID,2045,,0.707048701898,1.501753103229,-0.059448773762
GRID,2046,,0.707048701898,1.501753103229,-0.136581964964
GRID,2047,,0.733770035869,1.501753103229,-0.063699840600
GRID,2048,,0.733770035869,1.501753103229,-0.134673175551
GRID,2049,,0.760491369841,1.501753103229,-0.067950907438
GRID,2050,,0.760491369841,1.501753103229,-0.132764386138
GRID,2051,,0.787212703812,1.501753103229,-0.072390751153
GRID,2052,,0.787212703812,1.501753103229,-0.130993303543
GRID,2053,,0.308926156111,1.553537692996,-0.038117215469
GRID,2054,,0.308926156111,1.553537692996,-0.152024519892
GRID,2055,,0.335543418049,1.553537692996,-0.036438834385
GRID,2056,,0.335543418049,1.553537692996,-0.152683489693
GRID,2057,,0.362160679988,1.553537692996,-0.034760453302
GRID,2058,,0.362160679988,1.553537692996,-0.153342459494
GRID,2059,,0.388777941926,1.553537692996,-0.034742133158
GRID,2060,,0.388777941926,1.553537692996,-0.153227326910
GRID,2061,,0.415395203864,1.553537692996,-0.036123802898
GRID,2062,,0.415395203864,1.553537692996,-0.152542461448
GRID,2063,,0.442012465803,1.553537692996,-0.037505472637
GRID,2064,,0.442012465803,1.553537692996,-0.151857595985
GRID,2065,,0.468629727741,1.553537692996,-0.038820506225
GRID,2066,,0.468629727741,1.553537692996,-0.151129914888
GRID,2067,,0.495246989679,1.553537692996,-0.040102468949
GRID,2068,,0.495246989679,1.553537692996,-0.150386338217
GRID,2069,,0.521864251618,1.553537692996,-0.041384431673
GRID,2070,,0.521864251618,1.553537692996,-0.149642761546
GRID,2071,,0.548481513556,1.553537692996,-0.043147950110
GRID,2072,,0.548481513556,1.553537692996,-0.148631769491
GRID,2073,,0.575098775494,1.553537692996,-0.046279141833
GRID,2074,,0.575098775494,1.553537692996,-0.147112841828
GRID,2075,,0.601716037433,1.553537692996,-0.049410333556
GRID,2076,,0.601716037433,1.553537692996,-0.145593914165
GRID,2077,,0.628333299371,1.553537692996,-0.052541525279
GRID,2078,,0.628333299371,1.553537692996,-0.144077777517
GRID,2079,,0.654950561310,1.553537692996,-0.055934893670
GRID,2080,,0.654950561310,1.553537692996,-0.142726008857
GRID,2081,,0.681567823248,1.553537692996,-0.059366133961
GRID,2082,,0.681567823248,1.553537692996,-0.141382890562
GRID,2083,,0.708185085186,1.553537692996,-0.062815711449
GRID,2084,,0.708185085186,1.553537692996,-0.139976201235
GRID,2085,,0.734802347125,1.553537692996,-0.067114390610
GRID,2086,,0.734802347125,1.553537692996,-0.138113405128
GRID,2087,,0.761419609063,1.553537692996,-0.071413069772
GRID,2088,,0.761419609063,1.553537692996,-0.136250609021
GRID,2089,,0.788036871001,1.553537692996,-0.075903031925
GRID,2090,,0.788036871001,1.553537692996,-0.134527638213
GRID,2091,,0.311623619898,1.605322282762,-0.041283022353
GRID,2092,,0.311623619898,1.605322282762,-0.155205169644
GRID,2093,,0.338136809803,1.605322282762,-0.039583589909
GRID,2094,,0.338136809803,1.605322282762,-0.155846203997
GRID,2095,,0.364649999708,1.605322282762,-0.037884157464
GRID,2096,,0.364649999708,1.605322282762,-0.156487238350
GRID,2097,,0.391163189613,1.605322282762,-0.037870011748
GRID,2098,,0.391163189613,1.605322282762,-0.156365318725
GRID,2099,,0.417676379518,1.605322282762,-0.039259852985
GRID,2100,,0.417676379518,1.605322282762,-0.155691148132
GRID,2101,,0.444189569424,1.605322282762,-0.040649694222
GRID,2102,,0.444189569424,1.605322282762,-0.155016977538
GRID,2103,,0.470702759329,1.605322282762,-0.041974904690
GRID,2104,,0.470702759329,1.605322282762,-0.154301058287
GRID,2105,,0.497215949234,1.605322282762,-0.043266124514
GRID,2106,,0.497215949234,1.605322282762,-0.153568781900
GRID,2107,,0.523729139139,1.605322282762,-0.044557344339
GRID,2108,,0.523729139139,1.605322282762,-0.152836505513
GRID,2109,,0.550242329044,1.605322282762,-0.046336419853
GRID,2110,,0.550242329044,1.605322282762,-0.151841088350
GRID,2111,,0.576755518949,1.605322282762,-0.049498283685
GRID,2112,,0.576755518949,1.605322282762,-0.150353235764
GRID,2113,,0.603268708854,1.605322282762,-0.052660147517
GRID,2114,,0.603268708854,1.605322282762,-0.148865383178
GRID,2115,,0.629781898760,1.605322282762,-0.055822011349
GRID,2116,,0.629781898760,1.605322282762,-0.147381717114
GRID,2117,,0.656295088665,1.605322282762,-0.059247490885
GRID,2118,,0.656295088665,1.605322282762,-0.146060927541
GRID,2119,,0.682808278570,1.605322282762,-0.062706230468
GRID,2120,,0.682808278570,1.605322282762,-0.144747058260
GRID,2121,,0.709321468475,1.605322282762,-0.066182649135
GRID,2122,,0.709321468475,1.605322282762,-0.143370437506
GRID,2123,,0.735834658380,1.605322282762,-0.070528940620
GRID,2124,,0.735834658380,1.605322282762,-0.141553634705
GRID,2125,,0.762347848285,1.605322282762,-0.074875232106
GRID,2126,,0.762347848285,1.605322282762,-0.139736831904
GRID,2127,,0.788861038190,1.605322282762,-0.079415312697
GRID,2128,,0.788861038190,1.605322282762,-0.138061972882
GRID,2129,,0.314321083685,1.657106872529,-0.044448829238
GRID,2130,,0.314321083685,1.657106872529,-0.158385819396
GRID,2131,,0.340730201557,1.657106872529,-0.042728345432
GRID,2132,,0.340730201557,1.657106872529,-0.159008918301
GRID,2133,,0.367139319429,1.657106872529,-0.041007861626
GRID,2134,,0.367139319429,1.657106872529,-0.159632017205
GRID,2135,,0.393548437301,1.657106872529,-0.040997890339
GRID,2136,,0.393548437301,1.657106872529,-0.159503310539
GRID,2137,,0.419957555172,1.657106872529,-0.042395903073
GRID,2138,,0.419957555172,1.657106872529,-0.158839834815
GRID,2139,,0.446366673044,1.657106872529,-0.043793915807
GRID,2140,,0.446366673044,1.657106872529,-0.158176359092
GRID,2141,,0.472775790916,1.657106872529,-0.045129303155
GRID,2142,,0.472775790916,1.657106872529,-0.157472201687
GRID,2143,,0.499184908788,1.657106872529,-0.046429780080
GRID,2144,,0.499184908788,1.657106872529,-0.156751225583
GRID,2145,,0.525594026660,1.657106872529,-0.047730257005
GRID,2146,,0.525594026660,1.657106872529,-0.156030249479
GRID,2147,,0.552003144532,1.657106872529,-0.049524889596
GRID,2148,,0.552003144532,1.657106872529,-0.155050407209
GRID,2149,,0.578412262404,1.657106872529,-0.052717425537
GRID,2150,,0.578412262404,1.657106872529,-0.153593629699
GRID,2151,,0.604821380276,1.657106872529,-0.055909961478
GRID,2152,,0.604821380276,1.657106872529,-0.152136852190
GRID,2153,,0.631230498148,1.657106872529,-0.059102497418
GRID,2154,,0.631230498148,1.657106872529,-0.150685656710
GRID,2155,,0.657639616020,1.657106872529,-0.062560088099
GRID,2156,,0.657639616020,1.657106872529,-0.149395846224
GRID,2157,,0.684048733892,1.657106872529,-0.066046326976
GRID,2158,,0.684048733892,1.657106872529,-0.148111225958
GRID,2159,,0.710457851764,1.657106872529,-0.069549586822
GRID,2160,,0.710457851764,1.657106872529,-0.146764673777
GRID,2161,,0.736866969636,1.657106872529,-0.073943490631
GRID,2162,,0.736866969636,1.657106872529,-0.144993864282
GRID,2163,,0.763276087508,1.657106872529,-0.078337394440
GRID,2164,,0.763276087508,1.657106872529,-0.143223054787
GRID,2165,,0.789685205380,1.657106872529,-0.082927593469
GRID,2166,,0.789685205380,1.657106872529,-0.141596307552
GRID,2167,,0.317018547472,1.708891462295,-0.047614636123
GRID,2168,,0.317018547472,1.708891462295,-0.161566469148
GRID,2169,,0.343323593310,1.708891462295,-0.045873100955
GRID,2170,,0.343323593310,1.708891462295,-0.162171632605
GRID,2171,,0.369628639149,1.708891462295,-0.044131565787
GRID,2172,,0.369628639149,1.708891462295,-0.162776796061
GRID,2173,,0.395933684988,1.708891462295,-0.044125768929
GRID,2174,,0.395933684988,1.708891462295,-0.162641302354
GRID,2175,,0.422238730827,1.708891462295,-0.045531953160
GRID,2176,,0.422238730827,1.708891462295,-0.161988521499
GRID,2177,,0.448543776665,1.708891462295,-0.046938137392
GRID,2178,,0.448543776665,1.708891462295,-0.161335740645
GRID,2179,,0.474848822504,1.708891462295,-0.048283701620
GRID,2180,,0.474848822504,1.708891462295,-0.160643345086
GRID,2181,,0.501153868343,1.708891462295,-0.049593435645
GRID,2182,,0.501153868343,1.708891462295,-0.159933669266
GRID,2183,,0.527458914181,1.708891462295,-0.050903169671
GRID,2184,,0.527458914181,1.708891462295,-0.159223993446
GRID,2185,,0.553763960020,1.708891462295,-0.052713359339
GRID,2186,,0.553763960020,1.708891462295,-0.158259726068
GRID,2187,,0.580069005859,1.708891462295,-0.055936567388
GRID,2188,,0.580069005859,1.708891462295,-0.156834023635
GRID,2189,,0.606374051698,1.708891462295,-0.059159775438
GRID,2190,,0.606374051698,1.708891462295,-0.155408321202
GRID,2191,,0.632679097536,1.708891462295,-0.062382983488
GRID,2192,,0.632679097536,1.708891462295,-0.153989596307
GRID,2193,,0.658984143375,1.708891462295,-0.065872685314
GRID,2194,,0.658984143375,1.708891462295,-0.152730764908
GRID,2195,,0.685289189214,1.708891462295,-0.069386423483
GRID,2196,,0.685289189214,1.708891462295,-0.151475393655
GRID,2197,,0.711594235052,1.708891462295,-0.072916524509
GRID,2198,,0.711594235052,1.708891462295,-0.150158910048
GRID,2199,,0.737899280891,1.708891462295,-0.077358040641
GRID,2200,,0.737899280891,1.708891462295,-0.148434093859
GRID,2201,,0.764204326730,1.708891462295,-0.081799556774
GRID,2202,,0.764204326730,1.708891462295,-0.146709277670
GRID,2203,,0.790509372569,1.708891462295,-0.086439874241
GRID,2204,,0.790509372569,1.708891462295,-0.145130642222
GRID,2205,,0.319716011259,1.760676052062,-0.050780443007
GRID,2206,,0.319716011259,1.760676052062,-0.164747118900
GRID,2207,,0.345916985064,1.760676052062,-0.049017856478
GRID,2208,,0.345916985064,1.760676052062,-0.165334346908
GRID,2209,,0.372117958870,1.760676052062,-0.047255269949
GRID,2210,,0.372117958870,1.760676052062,-0.165921574916
GRID,2211,,0.398318932675,1.760676052062,-0.047253647520
GRID,2212,,0.398318932675,1.760676052062,-0.165779294168
GRID,2213,,0.424519906481,1.760676052062,-0.048668003248
GRID,2214,,0.424519906481,1.760676052062,-0.165137208183
GRID,2215,,0.450720880286,1.760676052062,-0.050082358976
GRID,2216,,0.450720880286,1.760676052062,-0.164495122198
GRID,2217,,0.476921854092,1.760676052062,-0.051438100084
GRID,2218,,0.476921854092,1.760676052062,-0.163814488485
GRID,2219,,0.503122827897,1.760676052062,-0.052757091211
GRID,2220,,0.503122827897,1.760676052062,-0.163116112949
GRID,2221,,0.529323801703,1.760676052062,-0.054076082337
GRID,2222,,0.529323801703,1.760676052062,-0.162417737412
GRID,2223,,0.555524775508,1.760676052062,-0.055901829082
GRID,2224,,0.555524775508,1.760676052062,-0.161469044927
GRID,2225,,0.581725749314,1.760676052062,-0.059155709240
GRID,2226,,0.581725749314,1.760676052062,-0.160074417570
GRID,2227,,0.607926723119,1.760676052062,-0.062409589399
GRID,2228,,0.607926723119,1.760676052062,-0.158679790214
GRID,2229,,0.634127696925,1.760676052062,-0.065663469558
GRID,2230,,0.634127696925,1.760676052062,-0.157293535903
GRID,2231,,0.660328670730,1.760676052062,-0.069185282528
GRID,2232,,0.660328670730,1.760676052062,-0.156065683592
GRID,2233,,0.686529644536,1.760676052062,-0.072726519991
GRID,2234,,0.686529644536,1.760676052062,-0.154839561353
GRID,2235,,0.712730618341,1.760676052062,-0.076283462195
GRID,2236,,0.712730618341,1.760676052062,-0.153553146320
GRID,2237,,0.738931592147,1.760676052062,-0.080772590651
GRID,2238,,0.738931592147,1.760676052062,-0.151874323436
GRID,2239,,0.765132565952,1.760676052062,-0.085261719107
GRID,2240,,0.765132565952,1.760676052062,-0.150195500553
GRID,2241,,0.791333539758,1.760676052062,-0.089952155013
GRID,2242,,0.791333539758,1.760676052062,-0.148664976892
GRID,2243,,0.325110938833,1.864245231595,-0.057119747581
GRID,2244,,0.325110938833,1.864245231595,-0.171112212971
GRID,2245,,0.351103768572,1.864245231595,-0.055302163695
GRID,2246,,0.351103768572,1.864245231595,-0.171656736215
GRID,2247,,0.377096598311,1.864245231595,-0.053500286170
GRID,2248,,0.377096598311,1.864245231595,-0.172209608702
GRID,2249,,0.403089428050,1.864245231595,-0.053508630124
GRID,2250,,0.403089428050,1.864245231595,-0.172054917616
GRID,2251,,0.429082257789,1.864245231595,-0.054936965479
GRID,2252,,0.429082257789,1.864245231595,-0.171432851469
GRID,2253,,0.455075087528,1.864245231595,-0.056365300834
GRID,2254,,0.455075087528,1.864245231595,-0.170810785322
GRID,2255,,0.481067917267,1.864245231595,-0.057745113986
GRID,2256,,0.481067917267,1.864245231595,-0.170156592817
GRID,2257,,0.507060747006,1.864245231595,-0.059087017432
GRID,2258,,0.507060747006,1.864245231595,-0.169482773794
GRID,2259,,0.533053576745,1.864245231595,-0.060423061180
GRID,2260,,0.533053576745,1.864245231595,-0.168806171348
GRID,2261,,0.559046406484,1.864245231595,-0.062277865794
GRID,2262,,0.559046406484,1.864245231595,-0.167888032723
GRID,2263,,0.585039236223,1.864245231595,-0.065588784053
GRID,2264,,0.585039236223,1.864245231595,-0.166553064757
GRID,2265,,0.611032065962,1.864245231595,-0.068901741738
GRID,2266,,0.611032065962,1.864245231595,-0.165221998720
GRID,2267,,0.637024895701,1.864245231595,-0.072247339262
GRID,2268,,0.637024895701,1.864245231595,-0.163915769146
GRID,2269,,0.663017725441,1.864245231595,-0.075823826941
GRID,2270,,0.663017725441,1.864245231595,-0.162744034288
GRID,2271,,0.689010555180,1.864245231595,-0.079413011169
GRID,2272,,0.689010555180,1.864245231595,-0.161572299431
GRID,2273,,0.715003384919,1.864245231595,-0.083016183930
GRID,2274,,0.715003384919,1.864245231595,-0.160342522883
GRID,2275,,0.740996214658,1.864245231595,-0.087594242797
GRID,2276,,0.740996214658,1.864245231595,-0.158751830747
GRID,2277,,0.766989044397,1.864245231595,-0.092189000144
GRID,2278,,0.766989044397,1.864245231595,-0.157175524325
GRID,2279,,0.792981874136,1.864245231595,-0.096994100145
GRID,2280,,0.792981874136,1.864245231595,-0.155745090591
GRID,2281,,0.327808402620,1.916029821361,-0.060293245271
GRID,2282,,0.327808402620,1.916029821361,-0.174296657289
GRID,2283,,0.353697160326,1.916029821361,-0.058441715388
GRID,2284,,0.353697160326,1.916029821361,-0.174816411217
GRID,2285,,0.379585918031,1.916029821361,-0.056621598230
GRID,2286,,0.379585918031,1.916029821361,-0.175352863631
GRID,2287,,0.405474675737,1.916029821361,-0.056635734139
GRID,2288,,0.405474675737,1.916029821361,-0.175192549249
GRID,2289,,0.431363433443,1.916029821361,-0.058069877623
GRID,2290,,0.431363433443,1.916029821361,-0.174579808071
GRID,2291,,0.457252191149,1.916029821361,-0.059504021107
GRID,2292,,0.457252191149,1.916029821361,-0.173967066892
GRID,2293,,0.483140948855,1.916029821361,-0.060897729422
GRID,2294,,0.483140948855,1.916029821361,-0.173327553749
GRID,2295,,0.509029706561,1.916029821361,-0.062253288089
GRID,2296,,0.509029706561,1.916029821361,-0.172666990957
GRID,2297,,0.534918464266,1.916029821361,-0.063597127358
GRID,2298,,0.534918464266,1.916029821361,-0.172000861317
GRID,2299,,0.560807221972,1.916029821361,-0.065465432764
GRID,2300,,0.560807221972,1.916029821361,-0.171097701660
GRID,2301,,0.586695979678,1.916029821361,-0.068802717014
GRID,2302,,0.586695979678,1.916029821361,-0.169791318007
GRID,2303,,0.612584737384,1.916029821361,-0.072144080117
GRID,2304,,0.612584737384,1.916029821361,-0.168492738213
GRID,2305,,0.638473495090,1.916029821361,-0.075550722896
GRID,2306,,0.638473495090,1.916029821361,-0.167234062792
GRID,2307,,0.664362252796,1.916029821361,-0.079149774139
GRID,2308,,0.664362252796,1.916029821361,-0.166087466301
GRID,2309,,0.690251010502,1.916029821361,-0.082759405839
GRID,2310,,0.690251010502,1.916029821361,-0.164940869810
GRID,2311,,0.716139768207,1.916029821361,-0.086381967978
GRID,2312,,0.716139768207,1.916029821361,-0.163737663174
GRID,2313,,0.742028525913,1.916029821361,-0.091001344933
GRID,2314,,0.742028525913,1.916029821361,-0.162189108480
GRID,2315,,0.767917283619,1.916029821361,-0.095654118847
GRID,2316,,0.767917283619,1.916029821361,-0.160669325215
GRID,2317,,0.793806041325,1.916029821361,-0.100523764505
GRID,2318,,0.793806041325,1.916029821361,-0.159290869620
GRID,2319,,0.330505866407,1.967814411128,-0.063466742960
GRID,2320,,0.330505866407,1.967814411128,-0.177481101607
GRID,2321,,0.356290552079,1.967814411128,-0.061581267082
GRID,2322,,0.356290552079,1.967814411128,-0.177976086220
GRID,2323,,0.382075237752,1.967814411128,-0.059742910290
GRID,2324,,0.382075237752,1.967814411128,-0.178496118561
GRID,2325,,0.407859923425,1.967814411128,-0.059762838153
GRID,2326,,0.407859923425,1.967814411128,-0.178330180882
GRID,2327,,0.433644609097,1.967814411128,-0.061202789766
GRID,2328,,0.433644609097,1.967814411128,-0.177726764673
GRID,2329,,0.459429294770,1.967814411128,-0.062642741380
GRID,2330,,0.459429294770,1.967814411128,-0.177123348463
GRID,2331,,0.485213980442,1.967814411128,-0.064050344858
GRID,2332,,0.485213980442,1.967814411128,-0.176498514682
GRID,2333,,0.510998666115,1.967814411128,-0.065419558745
GRID,2334,,0.510998666115,1.967814411128,-0.175851208120
GRID,2335,,0.536783351788,1.967814411128,-0.066771193535
GRID,2336,,0.536783351788,1.967814411128,-0.175195551285
GRID,2337,,0.562568037460,1.967814411128,-0.068652999733
GRID,2338,,0.562568037460,1.967814411128,-0.174307370597
GRID,2339,,0.588352723133,1.967814411128,-0.072016649975
GRID,2340,,0.588352723133,1.967814411128,-0.173029571258
GRID,2341,,0.614137408806,1.967814411128,-0.075386418495
GRID,2342,,0.614137408806,1.967814411128,-0.171763477706
GRID,2343,,0.639922094478,1.967814411128,-0.078854106531
GRID,2344,,0.639922094478,1.967814411128,-0.170552356438
GRID,2345,,0.665706780151,1.967814411128,-0.082475721337
GRID,2346,,0.665706780151,1.967814411128,-0.169430898314
GRID,2347,,0.691491465823,1.967814411128,-0.086105800509
GRID,2348,,0.691491465823,1.967814411128,-0.168309440190
GRID,2349,,0.717276151496,1.967814411128,-0.089747752026
GRID,2350,,0.717276151496,1.967814411128,-0.167132803466
GRID,2351,,0.743060837169,1.967814411128,-0.094408447069
GRID,2352,,0.743060837169,1.967814411128,-0.165626386214
GRID,2353,,0.768845522841,1.967814411128,-0.099119237550
GRID,2354,,0.768845522841,1.967814411128,-0.164163126105
GRID,2355,,0.794630208514,1.967814411128,-0.104053428865
GRID,2356,,0.794630208514,1.967814411128,-0.162836648650
GRID,2357,,0.333203330194,2.019599000894,-0.066640240650
GRID,2358,,0.333203330194,2.019599000894,-0.180665545926
GRID,2359,,0.358883943833,2.019599000894,-0.064720818776
GRID,2360,,0.358883943833,2.019599000894,-0.181135761223
GRID,2361,,0.384564557473,2.019599000894,-0.062864222349
GRID,2362,,0.384564557473,2.019599000894,-0.181639373491
GRID,2363,,0.410245171112,2.019599000894,-0.062889942167
GRID,2364,,0.410245171112,2.019599000894,-0.181467812515
GRID,2365,,0.435925784751,2.019599000894,-0.064335701910
GRID,2366,,0.435925784751,2.019599000894,-0.180873721274
GRID,2367,,0.461606398391,2.019599000894,-0.065781461653
GRID,2368,,0.461606398391,2.019599000894,-0.180279630034
GRID,2369,,0.487287012030,2.019599000894,-0.067202960294
GRID,2370,,0.487287012030,2.019599000894,-0.179669475614
GRID,2371,,0.512967625670,2.019599000894,-0.068585829401
GRID,2372,,0.512967625670,2.019599000894,-0.179035425282
GRID,2373,,0.538648239309,2.019599000894,-0.069945259713
GRID,2374,,0.538648239309,2.019599000894,-0.178390241254
GRID,2375,,0.564328852948,2.019599000894,-0.071840566703
GRID,2376,,0.564328852948,2.019599000894,-0.177517039535
GRID,2377,,0.590009466588,2.019599000894,-0.075230582937
GRID,2378,,0.590009466588,2.019599000894,-0.176267824509
GRID,2379,,0.615690080227,2.019599000894,-0.078628756874
GRID,2380,,0.615690080227,2.019599000894,-0.175034217199
GRID,2381,,0.641370693867,2.019599000894,-0.082157490166
GRID,2382,,0.641370693867,2.019599000894,-0.173870650084
GRID,2383,,0.667051307506,2.019599000894,-0.085801668535
GRID,2384,,0.667051307506,2.019599000894,-0.172774330327
GRID,2385,,0.692731921145,2.019599000894,-0.089452195179
GRID,2386,,0.692731921145,2.019599000894,-0.171678010570
GRID,2387,,0.718412534785,2.019599000894,-0.093113536074
GRID,2388,,0.718412534785,2.019599000894,-0.170527943757
GRID,2389,,0.744093148424,2.019599000894,-0.097815549204
GRID,2390,,0.744093148424,2.019599000894,-0.169063663947
GRID,2391,,0.769773762064,2.019599000894,-0.102584356253
GRID,2392,,0.769773762064,2.019599000894,-0.167656926994
GRID,2393,,0.795454375703,2.019599000894,-0.107583093224
GRID,2394,,0.795454375703,2.019599000894,-0.166382427679
GRID,2395,,0.335900793981,2.071383590661,-0.069813738339
GRID,2396,,0.335900793981,2.071383590661,-0.183849990244
GRID,2397,,0.361477335587,2.071383590661,-0.067860370469
GRID,2398,,0.361477335587,2.071383590661,-0.184295436225
GRID,2399,,0.387053877193,2.071383590661,-0.065985534409
GRID,2400,,0.387053877193,2.071383590661,-0.184782628420
GRID,2401,,0.412630418799,2.071383590661,-0.066017046181
GRID,2402,,0.412630418799,2.071383590661,-0.184605444148
GRID,2403,,0.438206960406,2.071383590661,-0.067468614054
GRID,2404,,0.438206960406,2.071383590661,-0.184020677876
GRID,2405,,0.463783502012,2.071383590661,-0.068920181926
GRID,2406,,0.463783502012,2.071383590661,-0.183435911605
GRID,2407,,0.489360043618,2.071383590661,-0.070355575731
GRID,2408,,0.489360043618,2.071383590661,-0.182840436547
GRID,2409,,0.514936585224,2.071383590661,-0.071752100057
GRID,2410,,0.514936585224,2.071383590661,-0.182219642445
GRID,2411,,0.540513126830,2.071383590661,-0.073119325890
GRID,2412,,0.540513126830,2.071383590661,-0.181584931223
GRID,2413,,0.566089668436,2.071383590661,-0.075028133672
GRID,2414,,0.566089668436,2.071383590661,-0.180726708472
GRID,2415,,0.591666210043,2.071383590661,-0.078444515898
GRID,2416,,0.591666210043,2.071383590661,-0.179506077760
GRID,2417,,0.617242751649,2.071383590661,-0.081871095252
GRID,2418,,0.617242751649,2.071383590661,-0.178304956692
GRID,2419,,0.642819293255,2.071383590661,-0.085460873800
GRID,2420,,0.642819293255,2.071383590661,-0.177188943730
GRID,2421,,0.668395834861,2.071383590661,-0.089127615733
GRID,2422,,0.668395834861,2.071383590661,-0.176117762339
GRID,2423,,0.693972376467,2.071383590661,-0.092798589849
GRID,2424,,0.693972376467,2.071383590661,-0.175046580949
GRID,2425,,0.719548918074,2.071383590661,-0.096479320122
GRID,2426,,0.719548918074,2.071383590661,-0.173923084049
GRID,2427,,0.745125459680,2.071383590661,-0.101222651340
GRID,2428,,0.745125459680,2.071383590661,-0.172500941681
GRID,2429,,0.770702001286,2.071383590661,-0.106049474956
GRID,2430,,0.770702001286,2.071383590661,-0.171150727884
GRID,2431,,0.796278542892,2.071383590661,-0.111112757584
GRID,2432,,0.796278542892,2.071383590661,-0.169928206708
GRID,2433,,0.338598257768,2.123168180427,-0.072987236028
GRID,2434,,0.338598257768,2.123168180427,-0.187034434562
GRID,2435,,0.364070727341,2.123168180427,-0.070999922163
GRID,2436,,0.364070727341,2.123168180427,-0.187455111228
GRID,2437,,0.389543196914,2.123168180427,-0.069106846469
GRID,2438,,0.389543196914,2.123168180427,-0.187925883350
GRID,2439,,0.415015666487,2.123168180427,-0.069144150196
GRID,2440,,0.415015666487,2.123168180427,-0.187743075781
GRID,2441,,0.440488136060,2.123168180427,-0.070601526197
GRID,2442,,0.440488136060,2.123168180427,-0.187167634478
GRID,2443,,0.465960605633,2.123168180427,-0.072058902199
GRID,2444,,0.465960605633,2.123168180427,-0.186592193175
GRID,2445,,0.491433075206,2.123168180427,-0.073508191167
GRID,2446,,0.491433075206,2.123168180427,-0.186011397479
GRID,2447,,0.516905544779,2.123168180427,-0.074918370713
GRID,2448,,0.516905544779,2.123168180427,-0.185403859608
GRID,2449,,0.542378014351,2.123168180427,-0.076293392068
GRID,2450,,0.542378014351,2.123168180427,-0.184779621192
GRID,2451,,0.567850483924,2.123168180427,-0.078215700642
GRID,2452,,0.567850483924,2.123168180427,-0.183936377409
GRID,2453,,0.593322953497,2.123168180427,-0.081658448859
GRID,2454,,0.593322953497,2.123168180427,-0.182744331011
GRID,2455,,0.618795423070,2.123168180427,-0.085113433631
GRID,2456,,0.618795423070,2.123168180427,-0.181575696185
GRID,2457,,0.644267892643,2.123168180427,-0.088764257435
GRID,2458,,0.644267892643,2.123168180427,-0.180507237376
GRID,2459,,0.669740362216,2.123168180427,-0.092453562931
GRID,2460,,0.669740362216,2.123168180427,-0.179461194352
GRID,2461,,0.695212831789,2.123168180427,-0.096144984519
GRID,2462,,0.695212831789,2.123168180427,-0.178415151329
GRID,2463,,0.720685301362,2.123168180427,-0.099845104170
GRID,2464,,0.720685301362,2.123168180427,-0.177318224340
GRID,2465,,0.746157770935,2.123168180427,-0.104629753476
GRID,2466,,0.746157770935,2.123168180427,-0.175938219415
GRID,2467,,0.771630240508,2.123168180427,-0.109514593659
GRID,2468,,0.771630240508,2.123168180427,-0.174644528773
GRID,2469,,0.797102710081,2.123168180427,-0.114642421944
GRID,2470,,0.797102710081,2.123168180427,-0.173473985738
GRID,2471,,0.343993185342,2.226737359960,-0.079333212821
GRID,2472,,0.343993185342,2.226737359960,-0.193403078705
GRID,2473,,0.369257510848,2.226737359960,-0.077296247936
GRID,2474,,0.369257510848,2.226737359960,-0.193783468196
GRID,2475,,0.394521836355,2.226737359960,-0.075353521223
GRID,2476,,0.394521836355,2.226737359960,-0.194213953144
GRID,2477,,0.419786161861,2.226737359960,-0.075401483481
GRID,2478,,0.419786161861,2.226737359960,-0.194020512241
GRID,2479,,0.445050487368,2.226737359960,-0.076874114336
GRID,2480,,0.445050487368,2.226737359960,-0.193465569395
GRID,2481,,0.470314812874,2.226737359960,-0.078340398191
GRID,2482,,0.470314812874,2.226737359960,-0.192907189802
GRID,2483,,0.495579138381,2.226737359960,-0.079806682046
GRID,2484,,0.495579138381,2.226737359960,-0.192348810209
GRID,2485,,0.520843463887,2.226737359960,-0.081239237873
GRID,2486,,0.520843463887,2.226737359960,-0.191766288924
GRID,2487,,0.546107789394,2.226737359960,-0.082636635509
GRID,2488,,0.546107789394,2.226737359960,-0.191167067094
GRID,2489,,0.571372114901,2.226737359960,-0.084596597764
GRID,2490,,0.571372114901,2.226737359960,-0.190362101417
GRID,2491,,0.596636440407,2.226737359960,-0.088112706402
GRID,2492,,0.596636440407,2.226737359960,-0.189239384518
GRID,2493,,0.621900765914,2.226737359960,-0.091641051596
GRID,2494,,0.621900765914,2.226737359960,-0.188140079193
GRID,2495,,0.647165091420,2.226737359960,-0.095365235821
GRID,2496,,0.647165091420,2.226737359960,-0.187139554377
GRID,2497,,0.672429416927,2.226737359960,-0.099089420046
GRID,2498,,0.672429416927,2.226737359960,-0.186139029560
GRID,2499,,0.697693742433,2.226737359960,-0.102824011455
GRID,2500,,0.697693742433,2.226737359960,-0.185146773971
GRID,2501,,0.722958067940,2.226737359960,-0.106575970160
GRID,2502,,0.722958067940,2.226737359960,-0.184113285811
GRID,2503,,0.748222393446,2.226737359960,-0.111474180778
GRID,2504,,0.748222393446,2.226737359960,-0.182836233501
GRID,2505,,0.773486718953,2.226737359960,-0.116473046856
GRID,2506,,0.773486718953,2.226737359960,-0.181645495476
GRID,2507,,0.798751044459,2.226737359960,-0.121685784814
GRID,2508,,0.798751044459,2.226737359960,-0.180556416813
GRID,2509,,0.346690649129,2.278521949727,-0.082505691923
GRID,2510,,0.346690649129,2.278521949727,-0.196587278530
GRID,2511,,0.371850902602,2.278521949727,-0.080453022015
GRID,2512,,0.371850902602,2.278521949727,-0.196952150162
GRID,2513,,0.397011156075,2.278521949727,-0.078478883917
GRID,2514,,0.397011156075,2.278521949727,-0.197358768008
GRID,2515,,0.422171409549,2.278521949727,-0.078531712751
GRID,2516,,0.422171409549,2.278521949727,-0.197160317068
GRID,2517,,0.447331663022,2.278521949727,-0.080013790331
GRID,2518,,0.447331663022,2.278521949727,-0.196616547710
GRID,2519,,0.472491916495,2.278521949727,-0.081483173909
GRID,2520,,0.472491916495,2.278521949727,-0.196065904858
GRID,2521,,0.497652169969,2.278521949727,-0.082952557488
GRID,2522,,0.497652169969,2.278521949727,-0.195515262005
GRID,2523,,0.522812423442,2.278521949727,-0.084393834377
GRID,2524,,0.522812423442,2.278521949727,-0.194944501076
GRID,2525,,0.547972676915,2.278521949727,-0.085805812774
GRID,2526,,0.547972676915,2.278521949727,-0.194359823027
GRID,2527,,0.573132930389,2.278521949727,-0.087789927917
GRID,2528,,0.573132930389,2.278521949727,-0.193578156487
GRID,2529,,0.598293183862,2.278521949727,-0.091353030985
GRID,2530,,0.598293183862,2.278521949727,-0.192496184776
GRID,2531,,0.623453437335,2.278521949727,-0.094926331182
GRID,2532,,0.623453437335,2.278521949727,-0.191433722708
GRID,2533,,0.648613690809,2.278521949727,-0.098662830573
GRID,2534,,0.648613690809,2.278521949727,-0.190453577732
GRID,2535,,0.673773944282,2.278521949727,-0.102399329963
GRID,2536,,0.673773944282,2.278521949727,-0.189473432755
GRID,2537,,0.698934197755,2.278521949727,-0.106156643721
GRID,2538,,0.698934197755,2.278521949727,-0.188509826233
GRID,2539,,0.724094451228,2.278521949727,-0.109941052102
GRID,2540,,0.724094451228,2.278521949727,-0.187513206990
GRID,2541,,0.749254704702,2.278521949727,-0.114911505945
GRID,2542,,0.749254704702,2.278521949727,-0.186296969854
GRID,2543,,0.774414958175,2.278521949727,-0.119966381351
GRID,2544,,0.774414958175,2.278521949727,-0.185152661290
GRID,2545,,0.799575211648,2.278521949727,-0.125199483323
GRID,2546,,0.799575211648,2.278521949727,-0.184093068859
GRID,2547,,0.349388112916,2.330306539493,-0.085678171026
GRID,2548,,0.349388112916,2.330306539493,-0.199771478354
GRID,2549,,0.374444294356,2.330306539493,-0.083609796095
GRID,2550,,0.374444294356,2.330306539493,-0.200120832127
GRID,2551,,0.399500475796,2.330306539493,-0.081604246611
GRID,2552,,0.399500475796,2.330306539493,-0.200503582872
GRID,2553,,0.424556657236,2.330306539493,-0.081661942022
GRID,2554,,0.424556657236,2.330306539493,-0.200300121895
GRID,2555,,0.449612838676,2.330306539493,-0.083153466326
GRID,2556,,0.449612838676,2.330306539493,-0.199767526025
GRID,2557,,0.474669020116,2.330306539493,-0.084625949628
GRID,2558,,0.474669020116,2.330306539493,-0.199224619914
GRID,2559,,0.499725201556,2.330306539493,-0.086098432930
GRID,2560,,0.499725201556,2.330306539493,-0.198681713802
GRID,2561,,0.524781382996,2.330306539493,-0.087548430881
GRID,2562,,0.524781382996,2.330306539493,-0.198122713229
GRID,2563,,0.549837564437,2.330306539493,-0.088974990038
GRID,2564,,0.549837564437,2.330306539493,-0.197552578960
GRID,2565,,0.574893745877,2.330306539493,-0.090983258069
GRID,2566,,0.574893745877,2.330306539493,-0.196794211557
GRID,2567,,0.599949927317,2.330306539493,-0.094593355567
GRID,2568,,0.599949927317,2.330306539493,-0.195752985033
GRID,2569,,0.625006108757,2.330306539493,-0.098211610768
GRID,2570,,0.625006108757,2.330306539493,-0.194727366223
GRID,2571,,0.650062290197,2.330306539493,-0.101960425324
GRID,2572,,0.650062290197,2.330306539493,-0.193767601087
GRID,2573,,0.675118471637,2.330306539493,-0.105709239880
GRID,2574,,0.675118471637,2.330306539493,-0.192807835950
GRID,2575,,0.700174653077,2.330306539493,-0.109489275986
GRID,2576,,0.700174653077,2.330306539493,-0.191872878495
GRID,2577,,0.725230834517,2.330306539493,-0.113306134045
GRID,2578,,0.725230834517,2.330306539493,-0.190913128169
GRID,2579,,0.750287015957,2.330306539493,-0.118348831112
GRID,2580,,0.750287015957,2.330306539493,-0.189757706208
GRID,2581,,0.775343197397,2.330306539493,-0.123459715846
GRID,2582,,0.775343197397,2.330306539493,-0.188659827103
GRID,2583,,0.800399378837,2.330306539493,-0.128713181833
GRID,2584,,0.800399378837,2.330306539493,-0.187629720906
GRID,2585,,0.352085576703,2.382091129260,-0.088850650129
GRID,2586,,0.352085576703,2.382091129260,-0.202955678178
GRID,2587,,0.377037686110,2.382091129260,-0.086766570174
GRID,2588,,0.377037686110,2.382091129260,-0.203289514093
GRID,2589,,0.401989795516,2.382091129260,-0.084729609305
GRID,2590,,0.401989795516,2.382091129260,-0.203648397736
GRID,2591,,0.426941904923,2.382091129260,-0.084792171293
GRID,2592,,0.426941904923,2.382091129260,-0.203439926723
GRID,2593,,0.451894014330,2.382091129260,-0.086293142320
GRID,2594,,0.451894014330,2.382091129260,-0.202918504341
GRID,2595,,0.476846123737,2.382091129260,-0.087768725347
GRID,2596,,0.476846123737,2.382091129260,-0.202383334970
GRID,2597,,0.501798233144,2.382091129260,-0.089244308373
GRID,2598,,0.501798233144,2.382091129260,-0.201848165599
GRID,2599,,0.526750342551,2.382091129260,-0.090703027385
GRID,2600,,0.526750342551,2.382091129260,-0.201300925382
GRID,2601,,0.551702451958,2.382091129260,-0.092144167302
GRID,2602,,0.551702451958,2.382091129260,-0.200745334893
GRID,2603,,0.576654561365,2.382091129260,-0.094176588222
GRID,2604,,0.576654561365,2.382091129260,-0.200010266627
GRID,2605,,0.601606670772,2.382091129260,-0.097833680149
GRID,2606,,0.601606670772,2.382091129260,-0.199009785290
GRID,2607,,0.626558780178,2.382091129260,-0.101496890355
GRID,2608,,0.626558780178,2.382091129260,-0.198021009738
GRID,2609,,0.651510889585,2.382091129260,-0.105258020076
GRID,2610,,0.651510889585,2.382091129260,-0.197081624442
GRID,2611,,0.676462998992,2.382091129260,-0.109019149797
GRID,2612,,0.676462998992,2.382091129260,-0.196142239145
GRID,2613,,0.701415108399,2.382091129260,-0.112821908252
GRID,2614,,0.701415108399,2.382091129260,-0.195235930757
GRID,2615,,0.726367217806,2.382091129260,-0.116671215987
GRID,2616,,0.726367217806,2.382091129260,-0.194313049348
GRID,2617,,0.751319327213,2.382091129260,-0.121786156279
GRID,2618,,0.751319327213,2.382091129260,-0.193218442561
GRID,2619,,0.776271436620,2.382091129260,-0.126953050341
GRID,2620,,0.776271436620,2.382091129260,-0.192166992916
GRID,2621,,0.801223546027,2.382091129260,-0.132226880343
GRID,2622,,0.801223546027,2.382091129260,-0.191166372952
GRID,2623,,0.354783040490,2.433875719026,-0.092023129231
GRID,2624,,0.354783040490,2.433875719026,-0.206139878003
GRID,2625,,0.379631077863,2.433875719026,-0.089923344254
GRID,2626,,0.379631077863,2.433875719026,-0.206458196059
GRID,2627,,0.404479115237,2.433875719026,-0.087854972000
GRID,2628,,0.404479115237,2.433875719026,-0.206793212600
GRID,2629,,0.429327152611,2.433875719026,-0.087922400563
GRID,2630,,0.429327152611,2.433875719026,-0.206579731550
GRID,2631,,0.454175189984,2.433875719026,-0.089432818315
GRID,2632,,0.454175189984,2.433875719026,-0.206069482656
GRID,2633,,0.479023227358,2.433875719026,-0.090911501065
GRID,2634,,0.479023227358,2.433875719026,-0.205542050026
GRID,2635,,0.503871264732,2.433875719026,-0.092390183815
GRID,2636,,0.503871264732,2.433875719026,-0.205014617396
GRID,2637,,0.528719302105,2.433875719026,-0.093857623889
GRID,2638,,0.528719302105,2.433875719026,-0.204479137535
GRID,2639,,0.553567339479,2.433875719026,-0.095313344566
GRID,2640,,0.553567339479,2.433875719026,-0.203938090826
GRID,2641,,0.578415376853,2.433875719026,-0.097369918374
GRID,2642,,0.578415376853,2.433875719026,-0.203226321698
GRID,2643,,0.603263414226,2.433875719026,-0.101074004732
GRID,2644,,0.603263414226,2.433875719026,-0.202266585547
GRID,2645,,0.628111451600,2.433875719026,-0.104782169941
GRID,2646,,0.628111451600,2.433875719026,-0.201314653253
GRID,2647,,0.652959488974,2.433875719026,-0.108555614827
GRID,2648,,0.652959488974,2.433875719026,-0.200395647797
GRID,2649,,0.677807526347,2.433875719026,-0.112329059714
GRID,2650,,0.677807526347,2.433875719026,-0.199476642340
GRID,2651,,0.702655563721,2.433875719026,-0.116154540518
GRID,2652,,0.702655563721,2.433875719026,-0.198598983020
GRID,2653,,0.727503601095,2.433875719026,-0.120036297929
GRID,2654,,0.727503601095,2.433875719026,-0.197712970527
GRID,2655,,0.752351638468,2.433875719026,-0.125223481446
GRID,2656,,0.752351638468,2.433875719026,-0.196679178914
GRID,2657,,0.777199675842,2.433875719026,-0.130446384836
GRID,2658,,0.777199675842,2.433875719026,-0.195674158729
GRID,2659,,0.802047713216,2.433875719026,-0.135740578852
GRID,2660,,0.802047713216,2.433875719026,-0.194703024998
GRID,2661,,0.357480504277,2.485660308793,-0.095195608334
GRID,2662,,0.357480504277,2.485660308793,-0.209324077827
GRID,2663,,0.382224469617,2.485660308793,-0.093080118333
GRID,2664,,0.382224469617,2.485660308793,-0.209626878024
GRID,2665,,0.406968434958,2.485660308793,-0.090980334694
GRID,2666,,0.406968434958,2.485660308793,-0.209938027464
GRID,2667,,0.431712400298,2.485660308793,-0.091052629834
GRID,2668,,0.431712400298,2.485660308793,-0.209719536377
GRID,2669,,0.456456365639,2.485660308793,-0.092572494310
GRID,2670,,0.456456365639,2.485660308793,-0.209220460971
GRID,2671,,0.481200330979,2.485660308793,-0.094054276784
GRID,2672,,0.481200330979,2.485660308793,-0.208700765082
GRID,2673,,0.505944296319,2.485660308793,-0.095536059258
GRID,2674,,0.505944296319,2.485660308793,-0.208181069193
GRID,2675,,0.530688261660,2.485660308793,-0.097012220393
GRID,2676,,0.530688261660,2.485660308793,-0.207657349688
GRID,2677,,0.555432227000,2.485660308793,-0.098482521831
GRID,2678,,0.555432227000,2.485660308793,-0.207130846759
GRID,2679,,0.580176192341,2.485660308793,-0.100563248527
GRID,2680,,0.580176192341,2.485660308793,-0.206442376768
GRID,2681,,0.604920157681,2.485660308793,-0.104314329314
GRID,2682,,0.604920157681,2.485660308793,-0.205523385804
GRID,2683,,0.629664123022,2.485660308793,-0.108067449527
GRID,2684,,0.629664123022,2.485660308793,-0.204608296769
GRID,2685,,0.654408088362,2.485660308793,-0.111853209579
GRID,2686,,0.654408088362,2.485660308793,-0.203709671152
GRID,2687,,0.679152053702,2.485660308793,-0.115638969631
GRID,2688,,0.679152053702,2.485660308793,-0.202811045535
GRID,2689,,0.703896019043,2.485660308793,-0.119487172783
GRID,2690,,0.703896019043,2.485660308793,-0.201962035282
GRID,2691,,0.728639984383,2.485660308793,-0.123401379872
GRID,2692,,0.728639984383,2.485660308793,-0.201112891706
GRID,2693,,0.753383949724,2.485660308793,-0.128660806613
GRID,2694,,0.753383949724,2.485660308793,-0.200139915267
GRID,2695,,0.778127915064,2.485660308793,-0.133939719331
GRID,2696,,0.778127915064,2.485660308793,-0.199181324543
GRID,2697,,0.802871880405,2.485660308793,-0.139254277362
GRID,2698,,0.802871880405,2.485660308793,-0.198239677045
GRID,2699,,0.362875431851,2.589229488326,-0.101529404362
GRID,2700,,0.362875431851,2.589229488326,-0.215685796436
GRID,2701,,0.387411253125,2.589229488326,-0.099377115593
GRID,2702,,0.387411253125,2.589229488326,-0.215955023285
GRID,2703,,0.411947074399,2.589229488326,-0.097225148931
GRID,2704,,0.411947074399,2.589229488326,-0.216224322772
GRID,2705,,0.436482895673,2.589229488326,-0.097310394407
GRID,2706,,0.436482895673,2.589229488326,-0.215997530505
GRID,2707,,0.461018716947,2.589229488326,-0.098844900774
GRID,2708,,0.461018716947,2.589229488326,-0.215518997261
GRID,2709,,0.485554538221,2.589229488326,-0.100341325138
GRID,2710,,0.485554538221,2.589229488326,-0.215019843533
GRID,2711,,0.510090359495,2.589229488326,-0.101837097202
GRID,2712,,0.510090359495,2.589229488326,-0.214520110205
GRID,2713,,0.534626180769,2.589229488326,-0.103331056240
GRID,2714,,0.534626180769,2.589229488326,-0.214019479796
GRID,2715,,0.559162002043,2.589229488326,-0.104825015278
GRID,2716,,0.559162002043,2.589229488326,-0.213518849386
GRID,2717,,0.583697823317,2.589229488326,-0.106945822156
GRID,2718,,0.583697823317,2.589229488326,-0.212872311131
GRID,2719,,0.608233644591,2.589229488326,-0.110774399944
GRID,2720,,0.608233644591,2.589229488326,-0.212025172876
GRID,2721,,0.632769465865,2.589229488326,-0.114602977731
GRID,2722,,0.632769465865,2.589229488326,-0.211178034621
GRID,2723,,0.657305287139,2.589229488326,-0.118433889786
GRID,2724,,0.657305287139,2.589229488326,-0.210333121953
GRID,2725,,0.681841108413,2.589229488326,-0.122269955684
GRID,2726,,0.681841108413,2.589229488326,-0.209490395765
GRID,2727,,0.706376929687,2.589229488326,-0.126168464684
GRID,2728,,0.706376929687,2.589229488326,-0.208697284941
GRID,2729,,0.730912750961,2.589229488326,-0.130131886195
GRID,2730,,0.730912750961,2.589229488326,-0.207912217585
GRID,2731,,0.755448572235,2.589229488326,-0.135509313140
GRID,2732,,0.755448572235,2.589229488326,-0.207046015305
GRID,2733,,0.779984393509,2.589229488326,-0.140892306852
GRID,2734,,0.779984393509,2.589229488326,-0.206179813025
GRID,2735,,0.804520214783,2.589229488326,-0.146283642043
GRID,2736,,0.804520214783,2.589229488326,-0.205319881639
GRID,2737,,0.365572895638,2.641014078092,-0.104690721287
GRID,2738,,0.365572895638,2.641014078092,-0.218863315220
GRID,2739,,0.390004644879,2.641014078092,-0.102517338774
GRID,2740,,0.390004644879,2.641014078092,-0.219114486581
GRID,2741,,0.414436394119,2.641014078092,-0.100344600474
GRID,2742,,0.414436394119,2.641014078092,-0.219365803215
GRID,2743,,0.438868143360,2.641014078092,-0.100437929710
GRID,2744,,0.438868143360,2.641014078092,-0.219135719805
GRID,2745,,0.463299892601,2.641014078092,-0.101977631243
GRID,2746,,0.463299892601,2.641014078092,-0.218666555235
GRID,2747,,0.487731641842,2.641014078092,-0.103485597774
GRID,2748,,0.487731641842,2.641014078092,-0.218180206929
GRID,2749,,0.512163391082,2.641014078092,-0.104992259705
GRID,2750,,0.512163391082,2.641014078092,-0.217692699422
GRID,2751,,0.536595140323,2.641014078092,-0.106495295583
GRID,2752,,0.536595140323,2.641014078092,-0.217203397750
GRID,2753,,0.561026889564,2.641014078092,-0.107998331461
GRID,2754,,0.561026889564,2.641014078092,-0.216714096079
GRID,2755,,0.585458638805,2.641014078092,-0.110135065633
GRID,2756,,0.585458638805,2.641014078092,-0.216086190424
GRID,2757,,0.609890388046,2.641014078092,-0.113994145990
GRID,2758,,0.609890388046,2.641014078092,-0.215270159691
GRID,2759,,0.634322137286,2.641014078092,-0.117853226348
GRID,2760,,0.634322137286,2.641014078092,-0.214454128958
GRID,2761,,0.658753886527,2.641014078092,-0.121716975241
GRID,2762,,0.658753886527,2.641014078092,-0.213642549400
GRID,2763,,0.683185635768,2.641014078092,-0.125591031821
GRID,2764,,0.683185635768,2.641014078092,-0.212835342801
GRID,2765,,0.707617385009,2.641014078092,-0.129517124319
GRID,2766,,0.707617385009,2.641014078092,-0.212069482339
GRID,2767,,0.732049134250,2.641014078092,-0.133497310576
GRID,2768,,0.732049134250,2.641014078092,-0.211311622286
GRID,2769,,0.756480883490,2.641014078092,-0.138920494499
GRID,2770,,0.756480883490,2.641014078092,-0.210491378990
GRID,2771,,0.780912632731,2.641014078092,-0.144351559878
GRID,2772,,0.780912632731,2.641014078092,-0.209671135693
GRID,2773,,0.805344381972,2.641014078092,-0.149799308214
GRID,2774,,0.805344381972,2.641014078092,-0.208863434187
GRID,2775,,0.368270359425,2.692798667859,-0.107852038212
GRID,2776,,0.368270359425,2.692798667859,-0.222040834005
GRID,2777,,0.392598036632,2.692798667859,-0.105657561955
GRID,2778,,0.392598036632,2.692798667859,-0.222273949876
GRID,2779,,0.416925713840,2.692798667859,-0.103464052017
GRID,2780,,0.416925713840,2.692798667859,-0.222507283658
GRID,2781,,0.441253391047,2.692798667859,-0.103565465013
GRID,2782,,0.441253391047,2.692798667859,-0.222273909106
GRID,2783,,0.465581068255,2.692798667859,-0.105110361712
GRID,2784,,0.465581068255,2.692798667859,-0.221814113210
GRID,2785,,0.489908745463,2.692798667859,-0.106629870410
GRID,2786,,0.489908745463,2.692798667859,-0.221340570325
GRID,2787,,0.514236422670,2.692798667859,-0.108147422207
GRID,2788,,0.514236422670,2.692798667859,-0.220865288638
GRID,2789,,0.538564099878,2.692798667859,-0.109659534926
GRID,2790,,0.538564099878,2.692798667859,-0.220387315705
GRID,2791,,0.562891777085,2.692798667859,-0.111171647644
GRID,2792,,0.562891777085,2.692798667859,-0.219909342772
GRID,2793,,0.587219454293,2.692798667859,-0.113324309110
GRID,2794,,0.587219454293,2.692798667859,-0.219300069717
GRID,2795,,0.611547131500,2.692798667859,-0.117213892037
GRID,2796,,0.611547131500,2.692798667859,-0.218515146506
GRID,2797,,0.635874808708,2.692798667859,-0.121103474965
GRID,2798,,0.635874808708,2.692798667859,-0.217730223295
GRID,2799,,0.660202485916,2.692798667859,-0.125000060696
GRID,2800,,0.660202485916,2.692798667859,-0.216951976846
GRID,2801,,0.684530163123,2.692798667859,-0.128912107958
GRID,2802,,0.684530163123,2.692798667859,-0.216180289836
GRID,2803,,0.708857840331,2.692798667859,-0.132865783954
GRID,2804,,0.708857840331,2.692798667859,-0.215441679736
GRID,2805,,0.733185517538,2.692798667859,-0.136862734957
GRID,2806,,0.733185517538,2.692798667859,-0.214711026986
GRID,2807,,0.757513194746,2.692798667859,-0.142331675858
GRID,2808,,0.757513194746,2.692798667859,-0.213936742674
GRID,2809,,0.781840871953,2.692798667859,-0.147810812903
GRID,2810,,0.781840871953,2.692798667859,-0.213162458362
GRID,2811,,0.806168549161,2.692798667859,-0.153314974386
GRID,2812,,0.806168549161,2.692798667859,-0.212406986734
GRID,2813,,0.370967823212,2.744583257625,-0.111013355138
GRID,2814,,0.370967823212,2.744583257625,-0.225218352789
GRID,2815,,0.395191428386,2.744583257625,-0.108797785136
GRID,2816,,0.395191428386,2.744583257625,-0.225433413171
GRID,2817,,0.419415033560,2.744583257625,-0.106583503560
GRID,2818,,0.419415033560,2.744583257625,-0.225648764101
GRID,2819,,0.443638638735,2.744583257625,-0.106693000315
GRID,2820,,0.443638638735,2.744583257625,-0.225412098406
GRID,2821,,0.467862243909,2.744583257625,-0.108243092181
GRID,2822,,0.467862243909,2.744583257625,-0.224961671184
GRID,2823,,0.492085849083,2.744583257625,-0.109774143046
GRID,2824,,0.492085849083,2.744583257625,-0.224500933721
GRID,2825,,0.516309454258,2.744583257625,-0.111302584709
GRID,2826,,0.516309454258,2.744583257625,-0.224037877854
GRID,2827,,0.540533059432,2.744583257625,-0.112823774268
GRID,2828,,0.540533059432,2.744583257625,-0.223571233659
GRID,2829,,0.564756664607,2.744583257625,-0.114344963827
GRID,2830,,0.564756664607,2.744583257625,-0.223104589465
GRID,2831,,0.588980269781,2.744583257625,-0.116513552586
GRID,2832,,0.588980269781,2.744583257625,-0.222513949010
GRID,2833,,0.613203874955,2.744583257625,-0.120433638084
GRID,2834,,0.613203874955,2.744583257625,-0.221760133321
GRID,2835,,0.637427480130,2.744583257625,-0.124353723583
GRID,2836,,0.637427480130,2.744583257625,-0.221006317632
GRID,2837,,0.661651085304,2.744583257625,-0.128283146151
GRID,2838,,0.661651085304,2.744583257625,-0.220261404293
GRID,2839,,0.685874690478,2.744583257625,-0.132233184094
GRID,2840,,0.685874690478,2.744583257625,-0.219525236872
GRID,2841,,0.710098295653,2.744583257625,-0.136214443588
GRID,2842,,0.710098295653,2.744583257625,-0.218813877133
GRID,2843,,0.734321900827,2.744583257625,-0.140228159338
GRID,2844,,0.734321900827,2.744583257625,-0.218110431687
GRID,2845,,0.758545506001,2.744583257625,-0.145742857218
GRID,2846,,0.758545506001,2.744583257625,-0.217382106359
GRID,2847,,0.782769111176,2.744583257625,-0.151270065929
GRID,2848,,0.782769111176,2.744583257625,-0.216653781031
GRID,2849,,0.806992716350,2.744583257625,-0.156830640557
GRID,2850,,0.806992716350,2.744583257625,-0.215950539282
GRID,2851,,0.373665286999,2.796367847392,-0.114174672063
GRID,2852,,0.373665286999,2.796367847392,-0.228395871573
GRID,2853,,0.397784820140,2.796367847392,-0.111938008317
GRID,2854,,0.397784820140,2.796367847392,-0.228592876467
GRID,2855,,0.421904353281,2.796367847392,-0.109702955103
GRID,2856,,0.421904353281,2.796367847392,-0.228790244545
GRID,2857,,0.446023886422,2.796367847392,-0.109820535618
GRID,2858,,0.446023886422,2.796367847392,-0.228550287707
GRID,2859,,0.470143419563,2.796367847392,-0.111375822650
GRID,2860,,0.470143419563,2.796367847392,-0.228109229159
GRID,2861,,0.494262952704,2.796367847392,-0.112918415682
GRID,2862,,0.494262952704,2.796367847392,-0.227661297116
GRID,2863,,0.518382485846,2.796367847392,-0.114457747211
GRID,2864,,0.518382485846,2.796367847392,-0.227210467070
GRID,2865,,0.542502018987,2.796367847392,-0.115988013611
GRID,2866,,0.542502018987,2.796367847392,-0.226755151614
GRID,2867,,0.566621552128,2.796367847392,-0.117518280011
GRID,2868,,0.566621552128,2.796367847392,-0.226299836158
GRID,2869,,0.590741085269,2.796367847392,-0.119702796063
GRID,2870,,0.590741085269,2.796367847392,-0.225727828303
GRID,2871,,0.614860618410,2.796367847392,-0.123653384131
GRID,2872,,0.614860618410,2.796367847392,-0.225005120136
GRID,2873,,0.638980151551,2.796367847392,-0.127603972200
GRID,2874,,0.638980151551,2.796367847392,-0.224282411970
GRID,2875,,0.663099684692,2.796367847392,-0.131566231606
GRID,2876,,0.663099684692,2.796367847392,-0.223570831739
GRID,2877,,0.687219217833,2.796367847392,-0.135554260231
GRID,2878,,0.687219217833,2.796367847392,-0.222870183908
GRID,2879,,0.711338750975,2.796367847392,-0.139563103223
GRID,2880,,0.711338750975,2.796367847392,-0.222186074531
GRID,2881,,0.735458284116,2.796367847392,-0.143593583719
GRID,2882,,0.735458284116,2.796367847392,-0.221509836387
GRID,2883,,0.759577817257,2.796367847392,-0.149154038577
GRID,2884,,0.759577817257,2.796367847392,-0.220827470043
GRID,2885,,0.783697350398,2.796367847392,-0.154729318955
GRID,2886,,0.783697350398,2.796367847392,-0.220145103700
GRID,2887,,0.807816883539,2.796367847392,-0.160346306729
GRID,2888,,0.807816883539,2.796367847392,-0.219494091830
GRID,2889,,0.376362750786,2.848152437158,-0.117335988988
GRID,2890,,0.376362750786,2.848152437158,-0.231573390358
GRID,2891,,0.400378211894,2.848152437158,-0.115078231497
GRID,2892,,0.400378211894,2.848152437158,-0.231752339762
GRID,2893,,0.424393673002,2.848152437158,-0.112822406646
GRID,2894,,0.424393673002,2.848152437158,-0.231931724988
GRID,2895,,0.448409134109,2.848152437158,-0.112948070921
GRID,2896,,0.448409134109,2.848152437158,-0.231688477007
GRID,2897,,0.472424595217,2.848152437158,-0.114508553119
GRID,2898,,0.472424595217,2.848152437158,-0.231256787133
GRID,2899,,0.496440056325,2.848152437158,-0.116062688317
GRID,2900,,0.496440056325,2.848152437158,-0.230821660512
GRID,2901,,0.520455517433,2.848152437158,-0.117612909714
GRID,2902,,0.520455517433,2.848152437158,-0.230383056286
GRID,2903,,0.544470978541,2.848152437158,-0.119152252954
GRID,2904,,0.544470978541,2.848152437158,-0.229939069569
GRID,2905,,0.568486439649,2.848152437158,-0.120691596194
GRID,2906,,0.568486439649,2.848152437158,-0.229495082851
GRID,2907,,0.592501900757,2.848152437158,-0.122892039540
GRID,2908,,0.592501900757,2.848152437158,-0.228941707596
GRID,2909,,0.616517361865,2.848152437158,-0.126873130178
GRID,2910,,0.616517361865,2.848152437158,-0.228250106951
GRID,2911,,0.640532822973,2.848152437158,-0.130854220817
GRID,2912,,0.640532822973,2.848152437158,-0.227558506307
GRID,2913,,0.664548284081,2.848152437158,-0.134849317061
GRID,2914,,0.664548284081,2.848152437158,-0.226880259186
GRID,2915,,0.688563745189,2.848152437158,-0.138875336368
GRID,2916,,0.688563745189,2.848152437158,-0.226215130943
GRID,2917,,0.712579206297,2.848152437158,-0.142911762858
GRID,2918,,0.712579206297,2.848152437158,-0.225558271928
GRID,2919,,0.736594667404,2.848152437158,-0.146959008100
GRID,2920,,0.736594667404,2.848152437158,-0.224909241087
GRID,2921,,0.760610128512,2.848152437158,-0.152565219937
GRID,2922,,0.760610128512,2.848152437158,-0.224272833728
GRID,2923,,0.784625589620,2.848152437158,-0.158188571981
GRID,2924,,0.784625589620,2.848152437158,-0.223636426369
GRID,2925,,0.808641050728,2.848152437158,-0.163861972900
GRID,2926,,0.808641050728,2.848152437158,-0.223037644378
CQUAD4,1,1,1,2,23,22
CQUAD4,2,1,2,3,24,23
CQUAD4,3,1,3,4,25,24
CQUAD4,4,1,4,5,26,25
CQUAD4,5,1,5,6,27,26
CQUAD4,6,1,6,7,28,27
CQUAD4,7,1,7,8,29,28
CQUAD4,8,1,8,9,30,29
CQUAD4,9,1,9,10,31,30
CQUAD4,10,1,10,11,32,31
CQUAD4,11,1,11,12,33,32
CQUAD4,12,1,12,13,34,33
CQUAD4,13,1,13,14,35,34
CQUAD4,14,1,14,15,36,35
CQUAD4,15,1,15,16,37,36
CQUAD4,16,1,16,17,38,37
CQUAD4,17,1,17,18,39,38
CQUAD4,18,1,18,19,40,39
CQUAD4,19,1,19,20,41,40
CQUAD4,20,1,20,21,42,41
CQUAD4,21,1,22,23,44,43
CQUAD4,22,1,23,24,45,44
CQUAD4,23,1,24,25,46,45
CQUAD4,24,1,25,26,47,46
CQUAD4,25,1,26,27,48,47
CQUAD4,26,1,27,28,49,48
CQUAD4,27,1,28,29,50,49
CQUAD4,28,1,29,30,51,50
CQUAD4,29,1,30,31,52,51
CQUAD4,30,1,31,32,53,52
CQUAD4,31,1,32,33,54,53
CQUAD4,32,1,33,34,55,54
CQUAD4,33,1,34,35,56,55
CQUAD4,34,1,35,36,57,56
CQUAD4,35,1,36,37,58,57
CQUAD4,36,1,37,38,59,58
CQUAD4,37,1,38,39,60,59
CQUAD4,38,1,39,40,61,60
CQUAD4,39,1,40,41,62,61
CQUAD4,40,1,41,42,63,62
CQUAD4,41,1,43,44,65,64
CQUAD4,42,1,44,45,66,65
CQUAD4,43,1,45,46,67,66
CQUAD4,44,1,46,47,68,67
CQUAD4,45,1,47,48,69,68
CQUAD4,46,1,48,49,70,69
CQUAD4,47,1,49,50,71,70
CQUAD4,48,1,50,51,72,71
CQUAD4,49,1,51,52,73,72
CQUAD4,50,1,52,53,74,73
CQUAD4,51,1,53,54,75,74
CQUAD4,52,1,54,55,76,75
CQUAD4,53,1,55,56,77,76
CQUAD4,54,1,56,57,78,77
CQUAD4,55,1,57,58,79,78
CQUAD4,56,1,58,59,80,79
CQUAD4,57,1,59,60,81,80
CQUAD4,58,1,60,61,82,81
CQUAD4,59,1,61,62,83,82
CQUAD4,60,1,62,63,84,83
CQUAD4,61,2,85,86,107,106
CQUAD4,62,2,86,87,108,107
CQUAD4,63,2,87,88,109,108
CQUAD4,64,2,88,89,110,109
CQUAD4,65,2,89,90,111,110
CQUAD4,66,2,90,91,112,111
CQUAD4,67,2,91,92,113,112
CQUAD4,68,2,92,93,114,113
CQUAD4,69,2,93,94,115,114
CQUAD4,70,2,94,95,116,115
CQUAD4,71,2,95,96,117,116
CQUAD4,72,2,96,97,118,117
CQUAD4,73,2,97,98,119,118
CQUAD4,74,2,98,99,120,119
CQUAD4,75,2,99,100,121,120
CQUAD4,76,2,100,101,122,121
CQUAD4,77,2,101,102,123,122
CQUAD4,78,2,102,103,124,123
CQUAD4,79,2,103,104,125,124
CQUAD4,80,2,104,105,126,125
CQUAD4,81,2,106,107,128,127
CQUAD4,82,2,107,108,129,128
CQUAD4,83,2,108,109,130,129
CQUAD4,84,2,109,110,131,130
CQUAD4,85,2,110,111,132,131
CQUAD4,86,2,111,112,133,132
CQUAD4,87,2,112,113,134,133
CQUAD4,88,2,113,114,135,134
CQUAD4,89,2,114,115,136,135
CQUAD4,90,2,115,116,137,136
CQUAD4,91,2,116,117,138,137
CQUAD4,92,2,117,118,139,138
CQUAD4,93,2,118,119,140,139
CQUAD4,94,2,119,120,141,140
CQUAD4,95,2,120,121,142,141
CQUAD4,96,2,121,122,143,142
CQUAD4,97,2,122,123,144,143
CQUAD4,98,2,123,124,145,144
CQUAD4,99,2,124,125,146,145
CQUAD4,100,2,125,126,147,146
CQUAD4,101,2,127,128,149,148
CQUAD4,102,2,128,129,150,149
CQUAD4,103,2,129,130,151,150
CQUAD4,104,2,130,131,152,151
CQUAD4,105,2,131,132,153,152
CQUAD4,106,2,132,133,154,153
CQUAD4,107,2,133,134,155,154
CQUAD4,108,2,134,135,156,155
CQUAD4,109,2,135,136,157,156
CQUAD4,110,2,136,137,158,157
CQUAD4,111,2,137,138,159,158
CQUAD4,112,2,138,139,160,159
CQUAD4,113,2,139,140,161,160
CQUAD4,114,2,140,141,162,161
CQUAD4,115,2,141,142,163,162
CQUAD4,116,2,142,143,164,163
CQUAD4,117,2,143,144,165,164
CQUAD4,118,2,144,145,166,165
CQUAD4,119,2,145,146,167,166
CQUAD4,120,2,146,147,168,167
CQUAD4,121,3,169,170,191,190
CQUAD4,122,3,170,171,192,191
CQUAD4,123,3,171,172,193,192
CQUAD4,124,3,172,173,194,193
CQUAD4,125,3,173,174,195,194
CQUAD4,126,3,174,175,196,195
CQUAD4,127,3,175,176,197,196
CQUAD4,128,3,176,177,198,197
CQUAD4,129,3,177,178,199,198
CQUAD4,130,3,178,179,200,199
CQUAD4,131,3,179,180,201,200
CQUAD4,132,3,180,181,202,201
CQUAD4,133,3,181,182,203,202
CQUAD4,134,3,182,183,204,203
CQUAD4,135,3,183,184,205,204
CQUAD4,136,3,184,185,206,205
CQUAD4,137,3,185,186,207,206
CQUAD4,138,3,186,187,208,207
CQUAD4,139,3,187,188,209,208
CQUAD4,140,3,188,189,210,209
CQUAD4,141,3,190,191,212,211
CQUAD4,142,3,191,192,213,212
CQUAD4,143,3,192,193,214,213
CQUAD4,144,3,193,194,215,214
CQUAD4,145,3,194,195,216,215
CQUAD4,146,3,195,196,217,216
CQUAD4,147,3,196,197,218,217
CQUAD4,148,3,197,198,219,218
CQUAD4,149,3,198,199,220,219
CQUAD4,150,3,199,200,221,220
CQUAD4,151,3,200,201,222,221
CQUAD4,152,3,201,202,223,222
CQUAD4,153,3,202,203,224,223
CQUAD4,154,3,203,204,225,224
CQUAD4,155,3,204,205,226,225
CQUAD4,156,3,205,206,227,226
CQUAD4,157,3,206,207,228,227
CQUAD4,158,3,207,208,229,228
CQUAD4,159,3,208,209,230,229
CQUAD4,160,3,209,210,231,230
CQUAD4,161,3,211,212,233,232
CQUAD4,162,3,212,213,234,233
CQUAD4,163,3,213,214,235,234
CQUAD4,164,3,214,215,236,235
CQUAD4,165,3,215,216,237,236
CQUAD4,166,3,216,217,238,237
CQUAD4,167,3,217,218,239,238
CQUAD4,168,3,218,219,240,239
CQUAD4,169,3,219,220,241,240
CQUAD4,170,3,220,221,242,241
CQUAD4,171,3,221,222,243,242
CQUAD4,172,3,222,223,244,243
CQUAD4,173,3,223,224,245,244
CQUAD4,174,3,224,225,246,245
CQUAD4,175,3,225,226,247,246
CQUAD4,176,3,226,227,248,247
CQUAD4,177,3,227,228,249,248
CQUAD4,178,3,228,229,250,249
CQUAD4,179,3,229,230,251,250
CQUAD4,180,3,230,231,252,251
CQUAD4,181,4,253,254,275,274
CQUAD4,182,4,254,255,276,275
CQUAD4,183,4,255,256,277,276
CQUAD4,184,4,256,257,278,277
CQUAD4,185,4,257,258,279,278
CQUAD4,186,4,258,259,280,279
CQUAD4,187,4,259,260,281,280
CQUAD4,188,4,260,261,282,281
CQUAD4,189,4,261,262,283,282
CQUAD4,190,4,262,263,284,283
CQUAD4,191,4,263,264,285,284
CQUAD4,192,4,264,265,286,285
CQUAD4,193,4,265,266,287,286
CQUAD4,194,4,266,267,288,287
CQUAD4,195,4,267,268,289,288
CQUAD4,196,4,268,269,290,289
CQUAD4,197,4,269,270,291,290
CQUAD4,198,4,270,271,292,291
CQUAD4,199,4,271,272,293,292
CQUAD4,200,4,272,273,294,293
CQUAD4,201,4,274,275,296,295
CQUAD4,202,4,275,276,297,296
CQUAD4,203,4,276,277,298,297
CQUAD4,204,4,277,278,299,298
CQUAD4,205,4,278,279,300,299
CQUAD4,206,4,279,280,301,300
CQUAD4,207,4,280,281,302,301
CQUAD4,208,4,281,282,303,302
CQUAD4,209,4,282,283,304,303
CQUAD4,210,4,283,284,305,304
CQUAD4,211,4,284,285,306,305
CQUAD4,212,4,285,286,307,306
CQUAD4,213,4,286,287,308,307
CQUAD4,214,4,287,288,309,308
CQUAD4,215,4,288,289,310,309
CQUAD4,216,4,289,290,311,310
CQUAD4,217,4,290,291,312,311
CQUAD4,218,4,291,292,313,312
CQUAD4,219,4,292,293,314,313
CQUAD4,220,4,293,294,315,314
CQUAD4,221,4,295,296,317,316
CQUAD4,222,4,296,297,318,317
CQUAD4,223,4,297,298,319,318
CQUAD4,224,4,298,299,320,319
CQUAD4,225,4,299,300,321,320
CQUAD4,226,4,300,301,322,321
CQUAD4,227,4,301,302,323,322
CQUAD4,228,4,302,303,324,323
CQUAD4,229,4,303,304,325,324
CQUAD4,230,4,304,305,326,325
CQUAD4,231,4,305,306,327,326
CQUAD4,232,4,306,307,328,327
CQUAD4,233,4,307,308,329,328
CQUAD4,234,4,308,309,330,329
CQUAD4,235,4,309,310,331,330
CQUAD4,236,4,310,311,332,331
CQUAD4,237,4,311,312,333,332
CQUAD4,238,4,312,313,334,333
CQUAD4,239,4,313,314,335,334
CQUAD4,240,4,314,315,336,335
CQUAD4,241,5,337,338,359,358
CQUAD4,242,5,338,339,360,359
CQUAD4,243,5,339,340,361,360
CQUAD4,244,5,340,341,362,361
CQUAD4,245,5,341,342,363,362
CQUAD4,246,5,342,343,364,363
CQUAD4,247,5,343,344,365,364
CQUAD4,248,5,344,345,366,365
CQUAD4,249,5,345,346,367,366
CQUAD4,250,5,346,347,368,367
CQUAD4,251,5,347,348,369,368
CQUAD4,252,5,348,349,370,369
CQUAD4,253,5,349,350,371,370
CQUAD4,254,5,350,351,372,371
CQUAD4,255,5,351,352,373,372
CQUAD4,256,5,352,353,374,373
CQUAD4,257,5,353,354,375,374
CQUAD4,258,5,354,355,376,375
CQUAD4,259,5,355,356,377,376
CQUAD4,260,5,356,357,378,377
CQUAD4,261,5,358,359,380,379
CQUAD4,262,5,359,360,381,380
CQUAD4,263,5,360,361,382,381
CQUAD4,264,5,361,362,383,382
CQUAD4,265,5,362,363,384,383
CQUAD4,266,5,363,364,385,384
CQUAD4,267,5,364,365,386,385
CQUAD4,268,5,365,366,387,386
CQUAD4,269,5,366,367,388,387
CQUAD4,270,5,367,368,389,388
CQUAD4,271,5,368,369,390,389
CQUAD4,272,5,369,370,391,390
CQUAD4,273,5,370,371,392,391
CQUAD4,274,5,371,372,393,392
CQUAD4,275,5,372,373,394,393
CQUAD4,276,5,373,374,395,394
CQUAD4,277,5,374,375,396,395
CQUAD4,278,5,375,376,397,396
CQUAD4,279,5,376,377,398,397
CQUAD4,280,5,377,378,399,398
CQUAD4,281,5,379,380,401,400
CQUAD4,282,5,380,381,402,401
CQUAD4,283,5,381,382,403,402
CQUAD4,284,5,382,383,404,403
CQUAD4,285,5,383,384,405,404
CQUAD4,286,5,384,385,406,405
CQUAD4,287,5,385,386,407,406
CQUAD4,288,5,386,387,408,407
CQUAD4,289,5,387,388,409,408
CQUAD4,290,5,388,389,410,409
CQUAD4,291,5,389,390,411,410
CQUAD4,292,5,390,391,412,411
CQUAD4,293,5,391,392,413,412
CQUAD4,294,5,392,393,414,413
CQUAD4,295,5,393,394,415,414
CQUAD4,296,5,394,395,416,415
CQUAD4,297,5,395,396,417,416
CQUAD4,298,5,396,397,418,417
CQUAD4,299,5,397,398,419,418
CQUAD4,300,5,398,399,420,419
CQUAD4,301,6,421,422,443,442
CQUAD4,302,6,422,423,444,443
CQUAD4,303,6,423,424,445,444
CQUAD4,304,6,424,425,446,445
CQUAD4,305,6,425,426,447,446
CQUAD4,306,6,426,427,448,447
CQUAD4,307,6,427,428,449,448
CQUAD4,308,6,428,429,450,449
CQUAD4,309,6,429,430,451,450
CQUAD4,310,6,430,431,452,451
CQUAD4,311,6,431,432,453,452
CQUAD4,312,6,432,433,454,453
CQUAD4,313,6,433,434,455,454
CQUAD4,314,6,434,435,456,455
CQUAD4,315,6,435,436,457,456
CQUAD4,316,6,436,437,458,457
CQUAD4,317,6,437,438,459,458
CQUAD4,318,6,438,439,460,459
CQUAD4,319,6,439,440,461,460
CQUAD4,320,6,440,441,462,461
CQUAD4,321,6,442,443,464,463
CQUAD4,322,6,443,444,465,464
CQUAD4,323,6,444,445,466,465
CQUAD4,324,6,445,446,467,466
CQUAD4,325,6,446,447,468,467
CQUAD4,326,6,447,448,469,468
CQUAD4,327,6,448,449,470,469
CQUAD4,328,6,449,450,471,470
CQUAD4,329,6,450,451,472,471
CQUAD4,330,6,451,452,473,472
CQUAD4,331,6,452,453,474,473
CQUAD4,332,6,453,454,475,474
CQUAD4,333,6,454,455,476,475
CQUAD4,334,6,455,456,477,476
CQUAD4,335,6,456,457,478,477
CQUAD4,336,6,457,458,479,478
CQUAD4,337,6,458,459,480,479
CQUAD4,338,6,459,460,481,480
CQUAD4,339,6,460,461,482,481
CQUAD4,340,6,461,462,483,482
CQUAD4,341,6,463,464,485,484
CQUAD4,342,6,464,465,486,485
CQUAD4,343,6,465,466,487,486
CQUAD4,344,6,466,467,488,487
CQUAD4,345,6,467,468,489,488
CQUAD4,346,6,468,469,490,489
CQUAD4,347,6,469,470,491,490
CQUAD4,348,6,470,471,492,491
CQUAD4,349,6,471,472,493,492
CQUAD4,350,6,472,473,494,493
CQUAD4,351,6,473,474,495,494
CQUAD4,352,6,474,475,496,495
CQUAD4,353,6,475,476,497,496
CQUAD4,354,6,476,477,498,497
CQUAD4,355,6,477,478,499,498
CQUAD4,356,6,478,479,500,499
CQUAD4,357,6,479,480,501,500
CQUAD4,358,6,480,481,502,501
CQUAD4,359,6,481,482,503,502
CQUAD4,360,6,482,483,504,503
CQUAD4,361,7,505,506,527,526
CQUAD4,362,7,506,507,528,527
CQUAD4,363,7,507,508,529,528
CQUAD4,364,7,508,509,530,529
CQUAD4,365,7,509,510,531,530
CQUAD4,366,7,510,511,532,531
CQUAD4,367,7,511,512,533,532
CQUAD4,368,7,512,513,534,533
CQUAD4,369,7,513,514,535,534
CQUAD4,370,7,514,515,536,535
CQUAD4,371,7,515,516,537,536
CQUAD4,372,7,516,517,538,537
CQUAD4,373,7,517,518,539,538
CQUAD4,374,7,518,519,540,539
CQUAD4,375,7,519,520,541,540
CQUAD4,376,7,520,521,542,541
CQUAD4,377,7,521,522,543,542
CQUAD4,378,7,522,523,544,543
CQUAD4,379,7,523,524,545,544
CQUAD4,380,7,524,525,546,545
CQUAD4,381,7,526,527,548,547
CQUAD4,382,7,527,528,549,548
CQUAD4,383,7,528,529,550,549
CQUAD4,384,7,529,530,551,550
CQUAD4,385,7,530,531,552,551
CQUAD4,386,7,531,532,553,552
CQUAD4,387,7,532,533,554,553
CQUAD4,388,7,533,534,555,554
CQUAD4,389,7,534,535,556,555
CQUAD4,390,7,535,536,557,556
CQUAD4,391,7,536,537,558,557
CQUAD4,392,7,537,538,559,558
CQUAD4,393,7,538,539,560,559
CQUAD4,394,7,539,540,561,560
CQUAD4,395,7,540,541,562,561
CQUAD4,396,7,541,542,563,562
CQUAD4,397,7,542,543,564,563
CQUAD4,398,7,543,544,565,564
CQUAD4,399,7,544,545,566,565
CQUAD4,400,7,545,546,567,566
CQUAD4,401,7,547,548,569,568
CQUAD4,402,7,548,549,570,569
CQUAD4,403,7,549,550,571,570
CQUAD4,404,7,550,551,572,571
CQUAD4,405,7,551,552,573,572
CQUAD4,406,7,552,553,574,573
CQUAD4,407,7,553,554,575,574
CQUAD4,408,7,554,555,576,575
CQUAD4,409,7,555,556,577,576
CQUAD4,410,7,556,557,578,577
CQUAD4,411,7,557,558,579,578
CQUAD4,412,7,558,559,580,579
CQUAD4,413,7,559,560,581,580
CQUAD4,414,7,560,561,582,581
CQUAD4,415,7,561,562,583,582
CQUAD4,416,7,562,563,584,583
CQUAD4,417,7,563,564,585,584
CQUAD4,418,7,564,565,586,585
CQUAD4,419,7,565,566,587,586
CQUAD4,420,7,566,567,588,587
CQUAD4,421,8,589,590,611,610
CQUAD4,422,8,590,591,612,611
CQUAD4,423,8,591,592,613,612
CQUAD4,424,8,592,593,614,613
CQUAD4,425,8,593,594,615,614
CQUAD4,426,8,594,595,616,615
CQUAD4,427,8,595,596,617,616
CQUAD4,428,8,596,597,618,617
CQUAD4,429,8,597,598,619,618
CQUAD4,430,8,598,599,620,619
CQUAD4,431,8,599,600,621,620
CQUAD4,432,8,600,601,622,621
CQUAD4,433,8,601,602,623,622
CQUAD4,434,8,602,603,624,623
CQUAD4,435,8,603,604,625,624
CQUAD4,436,8,604,605,626,625
CQUAD4,437,8,605,606,627,626
CQUAD4,438,8,606,607,628,627
CQUAD4,439,8,607,608,629,628
CQUAD4,440,8,608,609,630,629
CQUAD4,441,8,610,611,632,631
CQUAD4,442,8,611,612,633,632
CQUAD4,443,8,612,613,634,633
CQUAD4,444,8,613,614,635,634
CQUAD4,445,8,614,615,636,635
CQUAD4,446,8,615,616,637,636
CQUAD4,447,8,616,617,638,637
CQUAD4,448,8,617,618,639,638
CQUAD4,449,8,618,619,640,639
CQUAD4,450,8,619,620,641,640
CQUAD4,451,8,620,621,642,641
CQUAD4,452,8,621,622,643,642
CQUAD4,453,8,622,623,644,643
CQUAD4,454,8,623,624,645,644
CQUAD4,455,8,624,625,646,645
CQUAD4,456,8,625,626,647,646
CQUAD4,457,8,626,627,648,647
CQUAD4,458,8,627,628,649,648
CQUAD4,459,8,628,629,650,649
CQUAD4,460,8,629,630,651,650
CQUAD4,461,8,631,632,653,652
CQUAD4,462,8,632,633,654,653
CQUAD4,463,8,633,634,655,654
CQUAD4,464,8,634,635,656,655
CQUAD4,465,8,635,636,657,656
CQUAD4,466,8,636,637,658,657
CQUAD4,467,8,637,638,659,658
CQUAD4,468,8,638,639,660,659
CQUAD4,469,8,639,640,661,660
CQUAD4,470,8,640,641,662,661
CQUAD4,471,8,641,642,663,662
CQUAD4,472,8,642,643,664,663
CQUAD4,473,8,643,644,665,664
CQUAD4,474,8,644,645,666,665
CQUAD4,475,8,645,646,667,666
CQUAD4,476,8,646,647,668,667
CQUAD4,477,8,647,648,669,668
CQUAD4,478,8,648,649,670,669
CQUAD4,479,8,649,650,671,670
CQUAD4,480,8,650,651,672,671
CQUAD4,481,9,673,674,681,680
CQUAD4,482,9,674,675,682,681
CQUAD4,483,9,675,676,683,682
CQUAD4,484,9,676,677,684,683
CQUAD4,485,9,677,678,685,684
CQUAD4,486,9,678,679,686,685
CQUAD4,487,9,679,1,22,686
CQUAD4,488,9,680,681,688,687
CQUAD4,489,9,681,682,689,688
CQUAD4,490,9,682,683,690,689
CQUAD4,491,9,683,684,691,690
CQUAD4,492,9,684,685,692,691
CQUAD4,493,9,685,686,693,692
CQUAD4,494,9,686,22,43,693
CQUAD4,495,9,687,688,695,694
CQUAD4,496,9,688,689,696,695
CQUAD4,497,9,689,690,697,696
CQUAD4,498,9,690,691,698,697
CQUAD4,499,9,691,692,699,698
CQUAD4,500,9,692,693,700,699
CQUAD4,501,9,693,43,64,700
CQUAD4,502,10,1,701,707,22
CQUAD4,503,10,701,702,708,707
CQUAD4,504,10,702,703,709,708
CQUAD4,505,10,703,704,710,709
CQUAD4,506,10,704,705,711,710
CQUAD4,507,10,705,706,712,711
CQUAD4,508,10,706,85,106,712
CQUAD4,509,10,22,707,713,43
CQUAD4,510,10,707,708,714,713
CQUAD4,511,10,708,709,715,714
CQUAD4,512,10,709,710,716,715
CQUAD4,513,10,710,711,717,716
CQUAD4,514,10,711,712,718,717
CQUAD4,515,10,712,106,127,718
CQUAD4,516,10,43,713,719,64
CQUAD4,517,10,713,714,720,719
CQUAD4,518,10,714,715,721,720
CQUAD4,519,10,715,716,722,721
CQUAD4,520,10,716,717,723,722
CQUAD4,521,10,717,718,724,723
CQUAD4,522,10,718,127,148,724
CQUAD4,523,11,85,725,731,106
CQUAD4,524,11,725,726,732,731
CQUAD4,525,11,726,727,733,732
CQUAD4,526,11,727,728,734,733
CQUAD4,527,11,728,729,735,734
CQUAD4,528,11,729,730,736,735
CQUAD4,529,11,730,169,190,736
CQUAD4,530,11,106,731,737,127
CQUAD4,531,11,731,732,738,737
CQUAD4,532,11,732,733,739,738
CQUAD4,533,11,733,734,740,739
CQUAD4,534,11,734,735,741,740
CQUAD4,535,11,735,736,742,741
CQUAD4,536,11,736,190,211,742
CQUAD4,537,11,127,737,743,148
CQUAD4,538,11,737,738,744,743
CQUAD4,539,11,738,739,745,744
CQUAD4,540,11,739,740,746,745
CQUAD4,541,11,740,741,747,746
CQUAD4,542,11,741,742,748,747
CQUAD4,543,11,742,211,232,748
CQUAD4,544,12,169,749,755,190
CQUAD4,545,12,749,750,756,755
CQUAD4,546,12,750,751,757,756
CQUAD4,547,12,751,752,758,757
CQUAD4,548,12,752,753,759,758
CQUAD4,549,12,753,754,760,759
CQUAD4,550,12,754,253,274,760
CQUAD4,551,12,190,755,761,211
CQUAD4,552,12,755,756,762,761
CQUAD4,553,12,756,757,763,762
CQUAD4,554,12,757,758,764,763
CQUAD4,555,12,758,759,765,764
CQUAD4,556,12,759,760,766,765
CQUAD4,557,12,760,274,295,766
CQUAD4,558,12,211,761,767,232
CQUAD4,559,12,761,762,768,767
CQUAD4,560,12,762,763,769,768
CQUAD4,561,12,763,764,770,769
CQUAD4,562,12,764,765,771,770
CQUAD4,563,12,765,766,772,771
CQUAD4,564,12,766,295,316,772
CQUAD4,565,13,253,773,779,274
CQUAD4,566,13,773,774,780,779
CQUAD4,567,13,774,775,781,780
CQUAD4,568,13,775,776,782,781
CQUAD4,569,13,776,777,783,782
CQUAD4,570,13,777,778,784,783
CQUAD4,571,13,778,337,358,784
CQUAD4,572,13,274,779,785,295
CQUAD4,573,13,779,780,786,785
CQUAD4,574,13,780,781,787,786
CQUAD4,575,13,781,782,788,787
CQUAD4,576,13,782,783,789,788
CQUAD4,577,13,783,784,790,789
CQUAD4,578,13,784,358,379,790
CQUAD4,579,13,295,785,791,316
CQUAD4,580,13,785,786,792,791
CQUAD4,581,13,786,787,793,792
CQUAD4,582,13,787,788,794,793
CQUAD4,583,13,788,789,795,794
CQUAD4,584,13,789,790,796,795
CQUAD4,585,13,790,379,400,796
CQUAD4,586,14,337,797,803,358
CQUAD4,587,14,797,798,804,803
CQUAD4,588,14,798,799,805,804
CQUAD4,589,14,799,800,806,805
CQUAD4,590,14,800,801,807,806
CQUAD4,591,14,801,802,808,807
CQUAD4,592,14,802,421,442,808
CQUAD4,593,14,358,803,809,379
CQUAD4,594,14,803,804,810,809
CQUAD4,595,14,804,805,811,810
CQUAD4,596,14,805,806,812,811
CQUAD4,597,14,806,807,813,812
CQUAD4,598,14,807,808,814,813
CQUAD4,599,14,808,442,463,814
CQUAD4,600,14,379,809,815,400
CQUAD4,601,14,809,810,816,815
CQUAD4,602,14,810,811,817,816
CQUAD4,603,14,811,812,818,817
CQUAD4,604,14,812,813,819,818
CQUAD4,605,14,813,814,820,819
CQUAD4,606,14,814,463,484,820
CQUAD4,607,15,421,821,827,442
CQUAD4,608,15,821,822,828,827
CQUAD4,609,15,822,823,829,828
CQUAD4,610,15,823,824,830,829
CQUAD4,611,15,824,825,831,830
CQUAD4,612,15,825,826,832,831
CQUAD4,613,15,826,505,526,832
CQUAD4,614,15,442,827,833,463
CQUAD4,615,15,827,828,834,833
CQUAD4,616,15,828,829,835,834
CQUAD4,617,15,829,830,836,835
CQUAD4,618,15,830,831,837,836
CQUAD4,619,15,831,832,838,837
CQUAD4,620,15,832,526,547,838
CQUAD4,621,15,463,833,839,484
CQUAD4,622,15,833,834,840,839
CQUAD4,623,15,834,835,841,840
CQUAD4,624,15,835,836,842,841
CQUAD4,625,15,836,837,843,842
CQUAD4,626,15,837,838,844,843
CQUAD4,627,15,838,547,568,844
CQUAD4,628,16,505,845,851,526
CQUAD4,629,16,845,846,852,851
CQUAD4,630,16,846,847,853,852
CQUAD4,631,16,847,848,854,853
CQUAD4,632,16,848,849,855,854
CQUAD4,633,16,849,850,856,855
CQUAD4,634,16,850,589,610,856
CQUAD4,635,16,526,851,857,547
CQUAD4,636,16,851,852,858,857
CQUAD4,637,16,852,853,859,858
CQUAD4,638,16,853,854,860,859
CQUAD4,639,16,854,855,861,860
CQUAD4,640,16,855,856,862,861
CQUAD4,641,16,856,610,631,862
CQUAD4,642,16,547,857,863,568
CQUAD4,643,16,857,858,864,863
CQUAD4,644,16,858,859,865,864
CQUAD4,645,16,859,860,866,865
CQUAD4,646,16,860,861,867,866
CQUAD4,647,16,861,862,868,867
CQUAD4,648,16,862,631,652,868
CQUAD4,649,17,869,870,877,876
CQUAD4,650,17,870,871,878,877
CQUAD4,651,17,871,872,879,878
CQUAD4,652,17,872,873,880,879
CQUAD4,653,17,873,874,881,880
CQUAD4,654,17,874,875,882,881
CQUAD4,655,17,875,21,42,882
CQUAD4,656,17,876,877,884,883
CQUAD4,657,17,877,878,885,884
CQUAD4,658,17,878,879,886,885
CQUAD4,659,17,879,880,887,886
CQUAD4,660,17,880,881,888,887
CQUAD4,661,17,881,882,889,888
CQUAD4,662,17,882,42,63,889
CQUAD4,663,17,883,884,891,890
CQUAD4,664,17,884,885,892,891
CQUAD4,665,17,885,886,893,892
CQUAD4,666,17,886,887,894,893
CQUAD4,667,17,887,888,895,894
CQUAD4,668,17,888,889,896,895
CQUAD4,669,17,889,63,84,896
CQUAD4,670,18,21,897,903,42
CQUAD4,671,18,897,898,904,903
CQUAD4,672,18,898,899,905,904
CQUAD4,673,18,899,900,906,905
CQUAD4,674,18,900,901,907,906
CQUAD4,675,18,901,902,908,907
CQUAD4,676,18,902,105,126,908
CQUAD4,677,18,42,903,909,63
CQUAD4,678,18,903,904,910,909
CQUAD4,679,18,904,905,911,910
CQUAD4,680,18,905,906,912,911
CQUAD4,681,18,906,907,913,912
CQUAD4,682,18,907,908,914,913
CQUAD4,683,18,908,126,147,914
CQUAD4,684,18,63,909,915,84
CQUAD4,685,18,909,910,916,915
CQUAD4,686,18,910,911,917,916
CQUAD4,687,18,911,912,918,917
CQUAD4,688,18,912,913,919,918
CQUAD4,689,18,913,914,920,919
CQUAD4,690,18,914,147,168,920
CQUAD4,691,19,105,921,927,126
CQUAD4,692,19,921,922,928,927
CQUAD4,693,19,922,923,929,928
CQUAD4,694,19,923,924,930,929
CQUAD4,695,19,924,925,931,930
CQUAD4,696,19,925,926,932,931
CQUAD4,697,19,926,189,210,932
CQUAD4,698,19,126,927,933,147
CQUAD4,699,19,927,928,934,933
CQUAD4,700,19,928,929,935,934
CQUAD4,701,19,929,930,936,935
CQUAD4,702,19,930,931,937,936
CQUAD4,703,19,931,932,938,937
CQUAD4,704,19,932,210,231,938
CQUAD4,705,19,147,933,939,168
CQUAD4,706,19,933,934,940,939
CQUAD4,707,19,934,935,941,940
CQUAD4,708,19,935,936,942,941
CQUAD4,709,19,936,937,943,942
CQUAD4,710,19,937,938,944,943
CQUAD4,711,19,938,231,252,944
CQUAD4,712,20,189,945,951,210
CQUAD4,713,20,945,946,952,951
CQUAD4,714,20,946,947,953,952
CQUAD4,715,20,947,948,954,953
CQUAD4,716,20,948,949,955,954
CQUAD4,717,20,949,950,956,955
CQUAD4,718,20,950,273,294,956
CQUAD4,719,20,210,951,957,231
CQUAD4,720,20,951,952,958,957
CQUAD4,721,20,952,953,959,958
CQUAD4,722,20,953,954,960,959
CQUAD4,723,20,954,955,961,960
CQUAD4,724,20,955,956,962,961
CQUAD4,725,20,956,294,315,962
CQUAD4,726,20,231,957,963,252
CQUAD4,727,20,957,958,964,963
CQUAD4,728,20,958,959,965,964
CQUAD4,729,20,959,960,966,965
CQUAD4,730,20,960,961,967,966
CQUAD4,731,20,961,962,968,967
CQUAD4,732,20,962,315,336,968
CQUAD4,733,21,273,969,975,294
CQUAD4,734,21,969,970,976,975
CQUAD4,735,21,970,971,977,976
CQUAD4,736,21,971,972,978,977
CQUAD4,737,21,972,973,979,978
CQUAD4,738,21,973,974,980,979
CQUAD4,739,21,974,357,378,980
CQUAD4,740,21,294,975,981,315
CQUAD4,741,21,975,976,982,981
CQUAD4,742,21,976,977,983,982
CQUAD4,743,21,977,978,984,983
CQUAD4,744,21,978,979,985,984
CQUAD4,745,21,979,980,986,985
CQUAD4,746,21,980,378,399,986
CQUAD4,747,21,315,981,987,336
CQUAD4,748,21,981,982,988,987
CQUAD4,749,21,982,983,989,988
CQUAD4,750,21,983,984,990,989
CQUAD4,751,21,984,985,991,990
CQUAD4,752,21,985,986,992,991
CQUAD4,753,21,986,399,420,992
CQUAD4,754,22,357,993,999,378
CQUAD4,755,22,993,994,1000,999
CQUAD4,756,22,994,995,1001,1000
CQUAD4,757,22,995,996,1002,1001
CQUAD4,758,22,996,997,1003,1002
CQUAD4,759,22,997,998,1004,1003
CQUAD4,760,22,998,441,462,1004
CQUAD4,761,22,378,999,1005,399
CQUAD4,762,22,999,1000,1006,1005
CQUAD4,763,22,1000,1001,1007,1006
CQUAD4,764,22,1001,1002,1008,1007
CQUAD4,765,22,1002,1003,1009,1008
CQUAD4,766,22,1003,1004,1010,1009
CQUAD4,767,22,1004,462,483,1010
CQUAD4,768,22,399,1005,1011,420
CQUAD4,769,22,1005,1006,1012,1011
CQUAD4,770,22,1006,1007,1013,1012
CQUAD4,771,22,1007,1008,1014,1013
CQUAD4,772,22,1008,1009,1015,1014
CQUAD4,773,22,1009,1010,1016,1015
CQUAD4,774,22,1010,483,504,1016
CQUAD4,775,23,441,1017,1023,462
CQUAD4,776,23,1017,1018,1024,1023
CQUAD4,777,23,1018,1019,1025,1024
CQUAD4,778,23,1019,1020,1026,1025
CQUAD4,779,23,1020,1021,1027,1026
CQUAD4,780,23,1021,1022,1028,1027
CQUAD4,781,23,1022,525,546,1028
CQUAD4,782,23,462,1023,1029,483
CQUAD4,783,23,1023,1024,1030,1029
CQUAD4,784,23,1024,1025,1031,1030
CQUAD4,785,23,1025,1026,1032,1031
CQUAD4,786,23,1026,1027,1033,1032
CQUAD4,787,23,1027,1028,1034,1033
CQUAD4,788,23,1028,546,567,1034
CQUAD4,789,23,483,1029,1035,504
CQUAD4,790,23,1029,1030,1036,1035
CQUAD4,791,23,1030,1031,1037,1036
CQUAD4,792,23,1031,1032,1038,1037
CQUAD4,793,23,1032,1033,1039,1038
CQUAD4,794,23,1033,1034,1040,1039
CQUAD4,795,23,1034,567,588,1040
CQUAD4,796,24,525,1041,1047,546
CQUAD4,797,24,1041,1042,1048,1047
CQUAD4,798,24,1042,1043,1049,1048
CQUAD4,799,24,1043,1044,1050,1049
CQUAD4,800,24,1044,1045,1051,1050
CQUAD4,801,24,1045,1046,1052,1051
CQUAD4,802,24,1046,609,630,1052
CQUAD4,803,24,546,1047,1053,567
CQUAD4,804,24,1047,1048,1054,1053
CQUAD4,805,24,1048,1049,1055,1054
CQUAD4,806,24,1049,1050,1056,1055
CQUAD4,807,24,1050,1051,1057,1056
CQUAD4,808,24,1051,1052,1058,1057
CQUAD4,809,24,1052,630,651,1058
CQUAD4,810,24,567,1053,1059,588
CQUAD4,811,24,1053,1054,1060,1059
CQUAD4,812,24,1054,1055,1061,1060
CQUAD4,813,24,1055,1056,1062,1061
CQUAD4,814,24,1056,1057,1063,1062
CQUAD4,815,24,1057,1058,1064,1063
CQUAD4,816,24,1058,651,672,1064
CQUAD4,817,25,673,1065,1103,674
CQUAD4,818,25,1065,1067,1105,1103
CQUAD4,819,25,1067,1069,1107,1105
CQUAD4,820,25,1069,1071,1109,1107
CQUAD4,821,25,1071,1073,1111,1109
CQUAD4,822,25,1073,1075,1113,1111
CQUAD4,823,25,1075,1077,1115,1113
CQUAD4,824,25,1077,1079,1117,1115
CQUAD4,825,25,1079,1081,1119,1117
CQUAD4,826,25,1081,1083,1121,1119
CQUAD4,827,25,1083,1085,1123,1121
CQUAD4,828,25,1085,1087,1125,1123
CQUAD4,829,25,1087,1089,1127,1125
CQUAD4,830,25,1089,1091,1129,1127
CQUAD4,831,25,1091,1093,1131,1129
CQUAD4,832,25,1093,1095,1133,1131
CQUAD4,833,25,1095,1097,1135,1133
CQUAD4,834,25,1097,1099,1137,1135
CQUAD4,835,25,1099,1101,1139,1137
CQUAD4,836,25,1101,869,870,1139
CQUAD4,837,25,674,1103,1141,675
CQUAD4,838,25,1103,1105,1143,1141
CQUAD4,839,25,1105,1107,1145,1143
CQUAD4,840,25,1107,1109,1147,1145
CQUAD4,841,25,1109,1111,1149,1147
CQUAD4,842,25,1111,1113,1151,1149
CQUAD4,843,25,1113,1115,1153,1151
CQUAD4,844,25,1115,1117,1155,1153
CQUAD4,845,25,1117,1119,1157,1155
CQUAD4,846,25,1119,1121,1159,1157
CQUAD4,847,25,1121,1123,1161,1159
CQUAD4,848,25,1123,1125,1163,1161
CQUAD4,849,25,1125,1127,1165,1163
CQUAD4,850,25,1127,1129,1167,1165
CQUAD4,851,25,1129,1131,1169,1167
CQUAD4,852,25,1131,1133,1171,1169
CQUAD4,853,25,1133,1135,1173,1171
CQUAD4,854,25,1135,1137,1175,1173
CQUAD4,855,25,1137,1139,1177,1175
CQUAD4,856,25,1139,870,871,1177
CQUAD4,857,25,675,1141,1179,676
CQUAD4,858,25,1141,1143,1181,1179
CQUAD4,859,25,1143,1145,1183,1181
CQUAD4,860,25,1145,1147,1185,1183
CQUAD4,861,25,1147,1149,1187,1185
CQUAD4,862,25,1149,1151,1189,1187
CQUAD4,863,25,1151,1153,1191,1189
CQUAD4,864,25,1153,1155,1193,1191
CQUAD4,865,25,1155,1157,1195,1193
CQUAD4,866,25,1157,1159,1197,1195
CQUAD4,867,25,1159,1161,1199,1197
CQUAD4,868,25,1161,1163,1201,1199
CQUAD4,869,25,1163,1165,1203,1201
CQUAD4,870,25,1165,1167,1205,1203
CQUAD4,871,25,1167,1169,1207,1205
CQUAD4,872,25,1169,1171,1209,1207
CQUAD4,873,25,1171,1173,1211,1209
CQUAD4,874,25,1173,1175,1213,1211
CQUAD4,875,25,1175,1177,1215,1213
CQUAD4,876,25,1177,871,872,1215
CQUAD4,877,25,676,1179,1217,677
CQUAD4,878,25,1179,1181,1219,1217
CQUAD4,879,25,1181,1183,1221,1219
CQUAD4,880,25,1183,1185,1223,1221
CQUAD4,881,25,1185,1187,1225,1223
CQUAD4,882,25,1187,1189,1227,1225
CQUAD4,883,25,1189,1191,1229,1227
CQUAD4,884,25,1191,1193,1231,1229
CQUAD4,885,25,1193,1195,1233,1231
CQUAD4,886,25,1195,1197,1235,1233
CQUAD4,887,25,1197,1199,1237,1235
CQUAD4,888,25,1199,1201,1239,1237
CQUAD4,889,25,1201,1203,1241,1239
CQUAD4,890,25,1203,1205,1243,1241
CQUAD4,891,25,1205,1207,1245,1243
CQUAD4,892,25,1207,1209,1247,1245
CQUAD4,893,25,1209,1211,1249,1247
CQUAD4,894,25,1211,1213,1251,1249
CQUAD4,895,25,1213,1215,1253,1251
CQUAD4,896,25,1215,872,873,1253
CQUAD4,897,25,677,1217,1255,678
CQUAD4,898,25,1217,1219,1257,1255
CQUAD4,899,25,1219,1221,1259,1257
CQUAD4,900,25,1221,1223,1261,1259
CQUAD4,901,25,1223,1225,1263,1261
CQUAD4,902,25,1225,1227,1265,1263
CQUAD4,903,25,1227,1229,1267,1265
CQUAD4,904,25,1229,1231,1269,1267
CQUAD4,905,25,1231,1233,1271,1269
CQUAD4,906,25,1233,1235,1273,1271
CQUAD4,907,25,1235,1237,1275,1273
CQUAD4,908,25,1237,1239,1277,1275
CQUAD4,909,25,1239,1241,1279,1277
CQUAD4,910,25,1241,1243,1281,1279
CQUAD4,911,25,1243,1245,1283,1281
CQUAD4,912,25,1245,1247,1285,1283
CQUAD4,913,25,1247,1249,1287,1285
CQUAD4,914,25,1249,1251,1289,1287
CQUAD4,915,25,1251,1253,1291,1289
CQUAD4,916,25,1253,873,874,1291
CQUAD4,917,25,678,1255,1293,679
CQUAD4,918,25,1255,1257,1295,1293
CQUAD4,919,25,1257,1259,1297,1295
CQUAD4,920,25,1259,1261,1299,1297
CQUAD4,921,25,1261,1263,1301,1299
CQUAD4,922,25,1263,1265,1303,1301
CQUAD4,923,25,1265,1267,1305,1303
CQUAD4,924,25,1267,1269,1307,1305
CQUAD4,925,25,1269,1271,1309,1307
CQUAD4,926,25,1271,1273,1311,1309
CQUAD4,927,25,1273,1275,1313,1311
CQUAD4,928,25,1275,1277,1315,1313
CQUAD4,929,25,1277,1279,1317,1315
CQUAD4,930,25,1279,1281,1319,1317
CQUAD4,931,25,1281,1283,1321,1319
CQUAD4,932,25,1283,1285,1323,1321
CQUAD4,933,25,1285,1287,1325,1323
CQUAD4,934,25,1287,1289,1327,1325
CQUAD4,935,25,1289,1291,1329,1327
CQUAD4,936,25,1291,874,875,1329
CQUAD4,937,25,679,1293,2,1
CQUAD4,938,25,1293,1295,3,2
CQUAD4,939,25,1295,1297,4,3
CQUAD4,940,25,1297,1299,5,4
CQUAD4,941,25,1299,1301,6,5
CQUAD4,942,25,1301,1303,7,6
CQUAD4,943,25,1303,1305,8,7
CQUAD4,944,25,1305,1307,9,8
CQUAD4,945,25,1307,1309,10,9
CQUAD4,946,25,1309,1311,11,10
CQUAD4,947,25,1311,1313,12,11
CQUAD4,948,25,1313,1315,13,12
CQUAD4,949,25,1315,1317,14,13
CQUAD4,950,25,1317,1319,15,14
CQUAD4,951,25,1319,1321,16,15
CQUAD4,952,25,1321,1323,17,16
CQUAD4,953,25,1323,1325,18,17
CQUAD4,954,25,1325,1327,19,18
CQUAD4,955,25,1327,1329,20,19
CQUAD4,956,25,1329,875,21,20
CQUAD4,957,26,1,2,1331,701
CQUAD4,958,26,2,3,1333,1331
CQUAD4,959,26,3,4,1335,1333
CQUAD4,960,26,4,5,1337,1335
CQUAD4,961,26,5,6,1339,1337
CQUAD4,962,26,6,7,1341,1339
CQUAD4,963,26,7,8,1343,1341
CQUAD4,964,26,8,9,1345,1343
CQUAD4,965,26,9,10,1347,1345
CQUAD4,966,26,10,11,1349,1347
CQUAD4,967,26,11,12,1351,1349
CQUAD4,968,26,12,13,1353,1351
CQUAD4,969,26,13,14,1355,1353
CQUAD4,970,26,14,15,1357,1355
CQUAD4,971,26,15,16,1359,1357
CQUAD4,972,26,16,17,1361,1359
CQUAD4,973,26,17,18,1363,1361
CQUAD4,974,26,18,19,1365,1363
CQUAD4,975,26,19,20,1367,1365
CQUAD4,976,26,20,21,897,1367
CQUAD4,977,26,701,1331,1369,702
CQUAD4,978,26,1331,1333,1371,1369
CQUAD4,979,26,1333,1335,1373,1371
CQUAD4,980,26,1335,1337,1375,1373
CQUAD4,981,26,1337,1339,1377,1375
CQUAD4,982,26,1339,1341,1379,1377
CQUAD4,983,26,1341,1343,1381,1379
CQUAD4,984,26,1343,1345,1383,1381
CQUAD4,985,26,1345,1347,1385,1383
CQUAD4,986,26,1347,1349,1387,1385
CQUAD4,987,26,1349,1351,1389,1387
CQUAD4,988,26,1351,1353,1391,1389
CQUAD4,989,26,1353,1355,1393,1391
CQUAD4,990,26,1355,1357,1395,1393
CQUAD4,991,26,1357,1359,1397,1395
CQUAD4,992,26,1359,1361,1399,1397
CQUAD4,993,26,1361,1363,1401,1399
CQUAD4,994,26,1363,1365,1403,1401
CQUAD4,995,26,1365,1367,1405,1403
CQUAD4,996,26,1367,897,898,1405
CQUAD4,997,26,702,1369,1407,703
CQUAD4,998,26,1369,1371,1409,1407
CQUAD4,999,26,1371,1373,1411,1409
CQUAD4,1000,26,1373,1375,1413,1411
CQUAD4,1001,26,1375,1377,1415,1413
CQUAD4,1002,26,1377,1379,1417,1415
CQUAD4,1003,26,1379,1381,1419,1417
CQUAD4,1004,26,1381,1383,1421,1419
CQUAD4,1005,26,1383,1385,1423,1421
CQUAD4,1006,26,1385,1387,1425,1423
CQUAD4,1007,26,1387,1389,1427,1425
CQUAD4,1008,26,1389,1391,1429,1427
CQUAD4,1009,26,1391,1393,1431,1429
CQUAD4,1010,26,1393,1395,1433,1431
CQUAD4,1011,26,1395,1397,1435,1433
CQUAD4,1012,26,1397,1399,1437,1435
CQUAD4,1013,26,1399,1401,1439,1437
CQUAD4,1014,26,1401,1403,1441,1439
CQUAD4,1015,26,1403,1405,1443,1441
CQUAD4,1016,26,1405,898,899,1443
CQUAD4,1017,26,703,1407,1445,704
CQUAD4,1018,26,1407,1409,1447,1445
CQUAD4,1019,26,1409,1411,1449,1447
CQUAD4,1020,26,1411,1413,1451,1449
CQUAD4,1021,26,1413,1415,1453,1451
CQUAD4,1022,26,1415,1417,1455,1453
CQUAD4,1023,26,1417,1419,1457,1455
CQUAD4,1024,26,1419,1421,1459,1457
CQUAD4,1025,26,1421,1423,1461,1459
CQUAD4,1026,26,1423,1425,1463,1461
CQUAD4,1027,26,1425,1427,1465,1463
CQUAD4,1028,26,1427,1429,1467,1465
CQUAD4,1029,26,1429,1431,1469,1467
CQUAD4,1030,26,1431,1433,1471,1469
CQUAD4,1031,26,1433,1435,1473,1471
CQUAD4,1032,26,1435,1437,1475,1473
CQUAD4,1033,26,1437,1439,1477,1475
CQUAD4,1034,26,1439,1441,1479,1477
CQUAD4,1035,26,1441,1443,1481,1479
CQUAD4,1036,26,1443,899,900,1481
CQUAD4,1037,26,704,1445,1483,705
CQUAD4,1038,26,1445,1447,1485,1483
CQUAD4,1039,26,1447,1449,1487,1485
CQUAD4,1040,26,1449,1451,1489,1487
CQUAD4,1041,26,1451,1453,1491,1489
CQUAD4,1042,26,1453,1455,1493,1491
CQUAD4,1043,26,1455,1457,1495,1493
CQUAD4,1044,26,1457,1459,1497,1495
CQUAD4,1045,26,1459,1461,1499,1497
CQUAD4,1046,26,1461,1463,1501,1499
CQUAD4,1047,26,1463,1465,1503,1501
CQUAD4,1048,26,1465,1467,1505,1503
CQUAD4,1049,26,1467,1469,1507,1505
CQUAD4,1050,26,1469,1471,1509,1507
CQUAD4,1051,26,1471,1473,1511,1509
CQUAD4,1052,26,1473,1475,1513,1511
CQUAD4,1053,26,1475,1477,1515,1513
CQUAD4,1054,26,1477,1479,1517,1515
CQUAD4,1055,26,1479,1481,1519,1517
CQUAD4,1056,26,1481,900,901,1519
CQUAD4,1057,26,705,1483,1521,706
CQUAD4,1058,26,1483,1485,1523,1521
CQUAD4,1059,26,1485,1487,1525,1523
CQUAD4,1060,26,1487,1489,1527,1525
CQUAD4,1061,26,1489,1491,1529,1527
CQUAD4,1062,26,1491,1493,1531,1529
CQUAD4,1063,26,1493,1495,1533,1531
CQUAD4,1064,26,1495,1497,1535,1533
CQUAD4,1065,26,1497,1499,1537,1535
CQUAD4,1066,26,1499,1501,1539,1537
CQUAD4,1067,26,1501,1503,1541,1539
CQUAD4,1068,26,1503,1505,1543,1541
CQUAD4,1069,26,1505,1507,1545,1543
CQUAD4,1070,26,1507,1509,1547,1545
CQUAD4,1071,26,1509,1511,1549,1547
CQUAD4,1072,26,1511,1513,1551,1549
CQUAD4,1073,26,1513,1515,1553,1551
CQUAD4,1074,26,1515,1517,1555,1553
CQUAD4,1075,26,1517,1519,1557,1555
CQUAD4,1076,26,1519,901,902,1557
CQUAD4,1077,26,706,1521,86,85
CQUAD4,1078,26,1521,1523,87,86
CQUAD4,1079,26,1523,1525,88,87
CQUAD4,1080,26,1525,1527,89,88
CQUAD4,1081,26,1527,1529,90,89
CQUAD4,1082,26,1529,1531,91,90
CQUAD4,1083,26,1531,1533,92,91
CQUAD4,1084,26,1533,1535,93,92
CQUAD4,1085,26,1535,1537,94,93
CQUAD4,1086,26,1537,1539,95,94
CQUAD4,1087,26,1539,1541,96,95
CQUAD4,1088,26,1541,1543,97,96
CQUAD4,1089,26,1543,1545,98,97
CQUAD4,1090,26,1545,1547,99,98
CQUAD4,1091,26,1547,1549,100,99
CQUAD4,1092,26,1549,1551,101,100
CQUAD4,1093,26,1551,1553,102,101
CQUAD4,1094,26,1553,1555,103,102
CQUAD4,1095,26,1555,1557,104,103
CQUAD4,1096,26,1557,902,105,104
CQUAD4,1097,27,85,86,1559,725
CQUAD4,1098,27,86,87,1561,1559
CQUAD4,1099,27,87,88,1563,1561
CQUAD4,1100,27,88,89,1565,1563
CQUAD4,1101,27,89,90,1567,1565
CQUAD4,1102,27,90,91,1569,1567
CQUAD4,1103,27,91,92,1571,1569
CQUAD4,1104,27,92,93,1573,1571
CQUAD4,1105,27,93,94,1575,1573
CQUAD4,1106,27,94,95,1577,1575
CQUAD4,1107,27,95,96,1579,1577
CQUAD4,1108,27,96,97,1581,1579
CQUAD4,1109,27,97,98,1583,1581
CQUAD4,1110,27,98,99,1585,1583
CQUAD4,1111,27,99,100,1587,1585
CQUAD4,1112,27,100,101,1589,1587
CQUAD4,1113,27,101,102,1591,1589
CQUAD4,1114,27,102,103,1593,1591
CQUAD4,1115,27,103,104,1595,1593
CQUAD4,1116,27,104,105,921,1595
CQUAD4,1117,27,725,1559,1597,726
CQUAD4,1118,27,1559,1561,1599,1597
CQUAD4,1119,27,1561,1563,1601,1599
CQUAD4,1120,27,1563,1565,1603,1601
CQUAD4,1121,27,1565,1567,1605,1603
CQUAD4,1122,27,1567,1569,1607,1605
CQUAD4,1123,27,1569,1571,1609,1607
CQUAD4,1124,27,1571,1573,1611,1609
CQUAD4,1125,27,1573,1575,1613,1611
CQUAD4,1126,27,1575,1577,1615,1613
CQUAD4,1127,27,1577,1579,1617,1615
CQUAD4,1128,27,1579,1581,1619,1617
CQUAD4,1129,27,1581,1583,1621,1619
CQUAD4,1130,27,1583,1585,1623,1621
CQUAD4,1131,27,1585,1587,1625,1623
CQUAD4,1132,27,1587,1589,1627,1625
CQUAD4,1133,27,1589,1591,1629,1627
CQUAD4,1134,27,1591,1593,1631,1629
CQUAD4,1135,27,1593,1595,1633,1631
CQUAD4,1136,27,1595,921,922,1633
CQUAD4,1137,27,726,1597,1635,727
CQUAD4,1138,27,1597,1599,1637,1635
CQUAD4,1139,27,1599,1601,1639,1637
CQUAD4,1140,27,1601,1603,1641,1639
CQUAD4,1141,27,1603,1605,1643,1641
CQUAD4,1142,27,1605,1607,1645,1643
CQUAD4,1143,27,1607,1609,1647,1645
CQUAD4,1144,27,1609,1611,1649,1647
CQUAD4,1145,27,1611,1613,1651,1649
CQUAD4,1146,27,1613,1615,1653,1651
CQUAD4,1147,27,1615,1617,1655,1653
CQUAD4,1148,27,1617,1619,1657,1655
CQUAD4,1149,27,1619,1621,1659,1657
CQUAD4,1150,27,1621,1623,1661,1659
CQUAD4,1151,27,1623,1625,1663,1661
CQUAD4,1152,27,1625,1627,1665,1663
CQUAD4,1153,27,1627,1629,1667,1665
CQUAD4,1154,27,1629,1631,1669,1667
CQUAD4,1155,27,1631,1633,1671,1669
CQUAD4,1156,27,1633,922,923,1671
CQUAD4,1157,27,727,1635,1673,728
CQUAD4,1158,27,1635,1637,1675,1673
CQUAD4,1159,27,1637,1639,1677,1675
CQUAD4,1160,27,1639,1641,1679,1677
CQUAD4,1161,27,1641,1643,1681,1679
CQUAD4,1162,27,1643,1645,1683,1681
CQUAD4,1163,27,1645,1647,1685,1683
CQUAD4,1164,27,1647,1649,1687,1685
CQUAD4,1165,27,1649,1651,1689,1687
CQUAD4,1166,27,1651,1653,1691,1689
CQUAD4,1167,27,1653,1655,1693,1691
CQUAD4,1168,27,1655,1657,1695,1693
CQUAD4,1169,27,1657,1659,1697,1695
CQUAD4,1170,27,1659,1661,1699,1697
CQUAD4,1171,27,1661,1663,1701,1699
CQUAD4,1172,27,1663,1665,1703,1701
CQUAD4,1173,27,1665,1667,1705,1703
CQUAD4,1174,27,1667,1669,1707,1705
CQUAD4,1175,27,1669,1671,1709,1707
CQUAD4,1176,27,1671,923,924,1709
CQUAD4,1177,27,728,1673,1711,729
CQUAD4,1178,27,1673,1675,1713,1711
CQUAD4,1179,27,1675,1677,1715,1713
CQUAD4,1180,27,1677,1679,1717,1715
CQUAD4,1181,27,1679,1681,1719,1717
CQUAD4,1182,27,1681,1683,1721,1719
CQUAD4,1183,27,1683,1685,1723,1721
CQUAD4,1184,27,1685,1687,1725,1723
CQUAD4,1185,27,1687,1689,1727,1725
CQUAD4,1186,27,1689,1691,1729,1727
CQUAD4,1187,27,1691,1693,1731,1729
CQUAD4,1188,27,1693,1695,1733,1731
CQUAD4,1189,27,1695,1697,1735,1733
CQUAD4,1190,27,1697,1699,1737,1735
CQUAD4,1191,27,1699,1701,1739,1737
CQUAD4,1192,27,1701,1703,1741,1739
CQUAD4,1193,27,1703,1705,1743,1741
CQUAD4,1194,27,1705,1707,1745,1743
CQUAD4,1195,27,1707,1709,1747,1745
CQUAD4,1196,27,1709,924,925,1747
CQUAD4,1197,27,729,1711,1749,730
CQUAD4,1198,27,1711,1713,1751,1749
CQUAD4,1199,27,1713,1715,1753,1751
CQUAD4,1200,27,1715,1717,1755,1753
CQUAD4,1201,27,1717,1719,1757,1755
CQUAD4,1202,27,1719,1721,1759,1757
CQUAD4,1203,27,1721,1723,1761,1759
CQUAD4,1204,27,1723,1725,1763,1761
CQUAD4,1205,27,1725,1727,1765,1763
CQUAD4,1206,27,1727,1729,1767,1765
CQUAD4,1207,27,1729,1731,1769,1767
CQUAD4,1208,27,1731,1733,1771,1769
CQUAD4,1209,27,1733,1735,1773,1771
CQUAD4,1210,27,1735,1737,1775,1773
CQUAD4,1211,27,1737,1739,1777,1775
CQUAD4,1212,27,1739,1741,1779,1777
CQUAD4,1213,27,1741,1743,1781,1779
CQUAD4,1214,27,1743,1745,1783,1781
CQUAD4,1215,27,1745,1747,1785,1783
CQUAD4,1216,27,1747,925,926,1785
CQUAD4,1217,27,730,1749,170,169
CQUAD4,1218,27,1749,1751,171,170
CQUAD4,1219,27,1751,1753,172,171
CQUAD4,1220,27,1753,1755,173,172
CQUAD4,1221,27,1755,1757,174,173
CQUAD4,1222,27,1757,1759,175,174
CQUAD4,1223,27,1759,1761,176,175
CQUAD4,1224,27,1761,1763,177,176
CQUAD4,1225,27,1763,1765,178,177
CQUAD4,1226,27,1765,1767,179,178
CQUAD4,1227,27,1767,1769,180,179
CQUAD4,1228,27,1769,1771,181,180
CQUAD4,1229,27,1771,1773,182,181
CQUAD4,1230,27,1773,1775,183,182
CQUAD4,1231,27,1775,1777,184,183
CQUAD4,1232,27,1777,1779,185,184
CQUAD4,1233,27,1779,1781,186,185
CQUAD4,1234,27,1781,1783,187,186
CQUAD4,1235,27,1783,1785,188,187
CQUAD4,1236,27,1785,926,189,188
CQUAD4,1237,28,169,170,1787,749
CQUAD4,1238,28,170,171,1789,1787
CQUAD4,1239,28,171,172,1791,1789
CQUAD4,1240,28,172,173,1793,1791
CQUAD4,1241,28,173,174,1795,1793
CQUAD4,1242,28,174,175,1797,1795
CQUAD4,1243,28,175,176,1799,1797
CQUAD4,1244,28,176,177,1801,1799
CQUAD4,1245,28,177,178,1803,1801
CQUAD4,1246,28,178,179,1805,1803
CQUAD4,1247,28,179,180,1807,1805
CQUAD4,1248,28,180,181,1809,1807
CQUAD4,1249,28,181,182,1811,1809
CQUAD4,1250,28,182,183,1813,1811
CQUAD4,1251,28,183,184,1815,1813
CQUAD4,1252,28,184,185,1817,1815
CQUAD4,1253,28,185,186,1819,1817
CQUAD4,1254,28,186,187,1821,1819
CQUAD4,1255,28,187,188,1823,1821
CQUAD4,1256,28,188,189,945,1823
CQUAD4,1257,28,749,1787,1825,750
CQUAD4,1258,28,1787,1789,1827,1825
CQUAD4,1259,28,1789,1791,1829,1827
CQUAD4,1260,28,1791,1793,1831,1829
CQUAD4,1261,28,1793,1795,1833,1831
CQUAD4,1262,28,1795,1797,1835,1833
CQUAD4,1263,28,1797,1799,1837,1835
CQUAD4,1264,28,1799,1801,1839,1837
CQUAD4,1265,28,1801,1803,1841,1839
CQUAD4,1266,28,1803,1805,1843,1841
CQUAD4,1267,28,1805,1807,1845,1843
CQUAD4,1268,28,1807,1809,1847,1845
CQUAD4,1269,28,1809,1811,1849,1847
CQUAD4,1270,28,1811,1813,1851,1849
CQUAD4,1271,28,1813,1815,1853,1851
CQUAD4,1272,28,1815,1817,1855,1853
CQUAD4,1273,28,1817,1819,1857,1855
CQUAD4,1274,28,1819,1821,1859,1857
CQUAD4,1275,28,1821,1823,1861,1859
CQUAD4,1276,28,1823,945,946,1861
CQUAD4,1277,28,750,1825,1863,751
CQUAD4,1278,28,1825,1827,1865,1863
CQUAD4,1279,28,1827,1829,1867,1865
CQUAD4,1280,28,1829,1831,1869,1867
CQUAD4,1281,28,1831,1833,1871,1869
CQUAD4,1282,28,1833,1835,1873,1871
CQUAD4,1283,28,1835,1837,1875,1873
CQUAD4,1284,28,1837,1839,1877,1875
CQUAD4,1285,28,1839,1841,1879,1877
CQUAD4,1286,28,1841,1843,1881,1879
CQUAD4,1287,28,1843,1845,1883,1881
CQUAD4,1288,28,1845,1847,1885,1883
CQUAD4,1289,28,1847,1849,1887,1885
CQUAD4,1290,28,1849,1851,1889,1887
CQUAD4,1291,28,1851,1853,1891,1889
CQUAD4,1292,28,1853,1855,1893,1891
CQUAD4,1293,28,1855,1857,1895,1893
CQUAD4,1294,28,1857,1859,1897,1895
CQUAD4,1295,28,1859,1861,1899,1897
CQUAD4,1296,28,1861,946,947,1899
CQUAD4,1297,28,751,1863,1901,752
CQUAD4,1298,28,1863,1865,1903,1901
CQUAD4,1299,28,1865,1867,1905,1903
CQUAD4,1300,28,1867,1869,1907,1905
CQUAD4,1301,28,1869,1871,1909,1907
CQUAD4,1302,28,1871,1873,1911,1909
CQUAD4,1303,28,1873,1875,1913,1911
CQUAD4,1304,28,1875,1877,1915,1913
CQUAD4,1305,28,1877,1879,1917,1915
CQUAD4,1306,28,1879,1881,1919,1917
CQUAD4,1307,28,1881,1883,1921,1919
CQUAD4,1308,28,1883,1885,1923,1921
CQUAD4,1309,28,1885,1887,1925,1923
CQUAD4,1310,28,1887,1889,1927,1925
CQUAD4,1311,28,1889,1891,1929,1927
CQUAD4,1312,28,1891,1893,1931,1929
CQUAD4,1313,28,1893,1895,1933,1931
CQUAD4,1314,28,1895,1897,1935,1933
CQUAD4,1315,28,1897,1899,1937,1935
CQUAD4,1316,28,1899,947,948,1937
CQUAD4,1317,28,752,1901,1939,753
CQUAD4,1318,28,1901,1903,1941,1939
CQUAD4,1319,28,1903,1905,1943,1941
CQUAD4,1320,28,1905,1907,1945,1943
CQUAD4,1321,28,1907,1909,1947,1945
CQUAD4,1322,28,1909,1911,1949,1947
CQUAD4,1323,28,1911,1913,1951,1949
CQUAD4,1324,28,1913,1915,1953,1951
CQUAD4,1325,28,1915,1917,1955,1953
CQUAD4,1326,28,1917,1919,1957,1955
CQUAD4,1327,28,1919,1921,1959,1957
CQUAD4,1328,28,1921,1923,1961,1959
CQUAD4,1329,28,1923,1925,1963,1961
CQUAD4,1330,28,1925,1927,1965,1963
CQUAD4,1331,28,1927,1929,1967,1965
CQUAD4,1332,28,1929,1931,1969,1967
CQUAD4,1333,28,1931,1933,1971,1969
CQUAD4,1334,28,1933,1935,1973,1971
CQUAD4,1335,28,1935,1937,1975,1973
CQUAD4,1336,28,1937,948,949,1975
CQUAD4,1337,28,753,1939,1977,754
CQUAD4,1338,28,1939,1941,1979,1977
CQUAD4,1339,28,1941,1943,1981,1979
CQUAD4,1340,28,1943,1945,1983,1981
CQUAD4,1341,28,1945,1947,1985,1983
CQUAD4,1342,28,1947,1949,1987,1985
CQUAD4,1343,28,1949,1951,1989,1987
CQUAD4,1344,28,1951,1953,1991,1989
CQUAD4,1345,28,1953,1955,1993,1991
CQUAD4,1346,28,1955,1957,1995,1993
CQUAD4,1347,28,1957,1959,1997,1995
CQUAD4,1348,28,1959,1961,1999,1997
CQUAD4,1349,28,1961,1963,2001,1999
CQUAD4,1350,28,1963,1965,2003,2001
CQUAD4,1351,28,1965,1967,2005,2003
CQUAD4,1352,28,1967,1969,2007,2005
CQUAD4,1353,28,1969,1971,2009,2007
CQUAD4,1354,28,1971,1973,2011,2009
CQUAD4,1355,28,1973,1975,2013,2011
CQUAD4,1356,28,1975,949,950,2013
CQUAD4,1357,28,754,1977,254,253
CQUAD4,1358,28,1977,1979,255,254
CQUAD4,1359,28,1979,1981,256,255
CQUAD4,1360,28,1981,1983,257,256
CQUAD4,1361,28,1983,1985,258,257
CQUAD4,1362,28,1985,1987,259,258
CQUAD4,1363,28,1987,1989,260,259
CQUAD4,1364,28,1989,1991,261,260
CQUAD4,1365,28,1991,1993,262,261
CQUAD4,1366,28,1993,1995,263,262
CQUAD4,1367,28,1995,1997,264,263
CQUAD4,1368,28,1997,1999,265,264
CQUAD4,1369,28,1999,2001,266,265
CQUAD4,1370,28,2001,2003,267,266
CQUAD4,1371,28,2003,2005,268,267
CQUAD4,1372,28,2005,2007,269,268
CQUAD4,1373,28,2007,2009,270,269
CQUAD4,1374,28,2009,2011,271,270
CQUAD4,1375,28,2011,2013,272,271
CQUAD4,1376,28,2013,950,273,272
CQUAD4,1377,29,253,254,2015,773
CQUAD4,1378,29,254,255,2017,2015
CQUAD4,1379,29,255,256,2019,2017
CQUAD4,1380,29,256,257,2021,2019
CQUAD4,1381,29,257,258,2023,2021
CQUAD4,1382,29,258,259,2025,2023
CQUAD4,1383,29,259,260,2027,2025
CQUAD4,1384,29,260,261,2029,2027
CQUAD4,1385,29,261,262,2031,2029
CQUAD4,1386,29,262,263,2033,2031
CQUAD4,1387,29,263,264,2035,2033
CQUAD4,1388,29,264,265,2037,2035
CQUAD4,1389,29,265,266,2039,2037
CQUAD4,1390,29,266,267,2041,2039
CQUAD4,1391,29,267,268,2043,2041
CQUAD4,1392,29,268,269,2045,2043
CQUAD4,1393,29,269,270,2047,2045
CQUAD4,1394,29,270,271,2049,2047
CQUAD4,1395,29,271,272,2051,2049
CQUAD4,1396,29,272,273,969,2051
CQUAD4,1397,29,773,2015,2053,774
CQUAD4,1398,29,2015,2017,2055,2053
CQUAD4,1399,29,2017,2019,2057,2055
CQUAD4,1400,29,2019,2021,2059,2057
CQUAD4,1401,29,2021,2023,2061,2059
CQUAD4,1402,29,2023,2025,2063,2061
CQUAD4,1403,29,2025,2027,2065,2063
CQUAD4,1404,29,2027,2029,2067,2065
CQUAD4,1405,29,2029,2031,2069,2067
CQUAD4,1406,29,2031,2033,2071,2069
CQUAD4,1407,29,2033,2035,2073,2071
CQUAD4,1408,29,2035,2037,2075,2073
CQUAD4,1409,29,2037,2039,2077,2075
CQUAD4,1410,29,2039,2041,2079,2077
CQUAD4,1411,29,2041,2043,2081,2079
CQUAD4,1412,29,2043,2045,2083,2081
CQUAD4,1413,29,2045,2047,2085,2083
CQUAD4,1414,29,2047,2049,2087,2085
CQUAD4,1415,29,2049,2051,2089,2087
CQUAD4,1416,29,2051,969,970,2089
CQUAD4,1417,29,774,2053,2091,775
CQUAD4,1418,29,2053,2055,2093,2091
CQUAD4,1419,29,2055,2057,2095,2093
CQUAD4,1420,29,2057,2059,2097,2095
CQUAD4,1421,29,2059,2061,2099,2097
CQUAD4,1422,29,2061,2063,2101,2099
CQUAD4,1423,29,2063,2065,2103,2101
CQUAD4,1424,29,2065,2067,2105,2103
CQUAD4,1425,29,2067,2069,2107,2105
CQUAD4,1426,29,2069,2071,2109,2107
CQUAD4,1427,29,2071,2073,2111,2109
CQUAD4,1428,29,2073,2075,2113,2111
CQUAD4,1429,29,2075,2077,2115,2113
CQUAD4,1430,29,2077,2079,2117,2115
CQUAD4,1431,29,2079,2081,2119,2117
CQUAD4,1432,29,2081,2083,2121,2119
CQUAD4,1433,29,2083,2085,2123,2121
CQUAD4,1434,29,2085,2087,2125,2123
CQUAD4,1435,29,2087,2089,2127,2125
CQUAD4,1436,29,2089,970,971,2127
CQUAD4,1437,29,775,2091,2129,776
CQUAD4,1438,29,2091,2093,2131,2129
CQUAD4,1439,29,2093,2095,2133,2131
CQUAD4,1440,29,2095,2097,2135,2133
CQUAD4,1441,29,2097,2099,2137,2135
CQUAD4,1442,29,2099,2101,2139,2137
CQUAD4,1443,29,2101,2103,2141,2139
CQUAD4,1444,29,2103,2105,2143,2141
CQUAD4,1445,29,2105,2107,2145,2143
CQUAD4,1446,29,2107,2109,2147,2145
CQUAD4,1447,29,2109,2111,2149,2147
CQUAD4,1448,29,2111,2113,2151,2149
CQUAD4,1449,29,2113,2115,2153,2151
CQUAD4,1450,29,2115,2117,2155,2153
CQUAD4,1451,29,2117,2119,2157,2155
CQUAD4,1452,29,2119,2121,2159,2157
CQUAD4,1453,29,2121,2123,2161,2159
CQUAD4,1454,29,2123,2125,2163,2161
CQUAD4,1455,29,2125,2127,2165,2163
CQUAD4,1456,29,2127,971,972,2165
CQUAD4,1457,29,776,2129,2167,777
CQUAD4,1458,29,2129,2131,2169,2167
CQUAD4,1459,29,2131,2133,2171,2169
CQUAD4,1460,29,2133,2135,2173,2171
CQUAD4,1461,29,2135,2137,2175,2173
CQUAD4,1462,29,2137,2139,2177,2175
CQUAD4,1463,29,2139,2141,2179,2177
CQUAD4,1464,29,2141,2143,2181,2179
CQUAD4,1465,29,2143,2145,2183,2181
CQUAD4,1466,29,2145,2147,2185,2183
CQUAD4,1467,29,2147,2149,2187,2185
CQUAD4,1468,29,2149,2151,2189,2187
CQUAD4,1469,29,2151,2153,2191,2189
CQUAD4,1470,29,2153,2155,2193,2191
CQUAD4,1471,29,2155,2157,2195,2193
CQUAD4,1472,29,2157,2159,2197,2195
CQUAD4,1473,29,2159,2161,2199,2197
CQUAD4,1474,29,2161,2163,2201,2199
CQUAD4,1475,29,2163,2165,2203,2201
CQUAD4,1476,29,2165,972,973,2203
CQUAD4,1477,29,777,2167,2205,778
CQUAD4,1478,29,2167,2169,2207,2205
CQUAD4,1479,29,2169,2171,2209,2207
CQUAD4,1480,29,2171,2173,2211,2209
CQUAD4,1481,29,2173,2175,2213,2211
CQUAD4,1482,29,2175,2177,2215,2213
CQUAD4,1483,29,2177,2179,2217,2215
CQUAD4,1484,29,2179,2181,2219,2217
CQUAD4,1485,29,2181,2183,2221,2219
CQUAD4,1486,29,2183,2185,2223,2221
CQUAD4,1487,29,2185,2187,2225,2223
CQUAD4,1488,29,2187,2189,2227,2225
CQUAD4,1489,29,2189,2191,2229,2227
CQUAD4,1490,29,2191,2193,2231,2229
CQUAD4,1491,29,2193,2195,2233,2231
CQUAD4,1492,29,2195,2197,2235,2233
CQUAD4,1493,29,2197,2199,2237,2235
CQUAD4,1494,29,2199,2201,2239,2237
CQUAD4,1495,29,2201,2203,2241,2239
CQUAD4,1496,29,2203,973,974,2241
CQUAD4,1497,29,778,2205,338,337
CQUAD4,1498,29,2205,2207,339,338
CQUAD4,1499,29,2207,2209,340,339
CQUAD4,1500,29,2209,2211,341,340
CQUAD4,1501,29,2211,2213,342,341
CQUAD4,1502,29,2213,2215,343,342
CQUAD4,1503,29,2215,2217,344,343
CQUAD4,1504,29,2217,2219,345,344
CQUAD4,1505,29,2219,2221,346,345
CQUAD4,1506,29,2221,2223,347,346
CQUAD4,1507,29,2223,2225,348,347
CQUAD4,1508,29,2225,2227,349,348
CQUAD4,1509,29,2227,2229,350,349
CQUAD4,1510,29,2229,2231,351,350
CQUAD4,1511,29,2231,2233,352,351
CQUAD4,1512,29,2233,2235,353,352
CQUAD4,1513,29,2235,2237,354,353
CQUAD4,1514,29,2237,2239,355,354
CQUAD4,1515,29,2239,2241,356,355
CQUAD4,1516,29,2241,974,357,356
CQUAD4,1517,30,337,338,2243,797
CQUAD4,1518,30,338,339,2245,2243
CQUAD4,1519,30,339,340,2247,2245
CQUAD4,1520,30,340,341,2249,2247
CQUAD4,1521,30,341,342,2251,2249
CQUAD4,1522,30,342,343,2253,2251
CQUAD4,1523,30,343,344,2255,2253
CQUAD4,1524,30,344,345,2257,2255
CQUAD4,1525,30,345,346,2259,2257
CQUAD4,1526,30,346,347,2261,2259
CQUAD4,1527,30,347,348,2263,2261
CQUAD4,1528,30,348,349,2265,2263
CQUAD4,1529,30,349,350,2267,2265
CQUAD4,1530,30,350,351,2269,2267
CQUAD4,1531,30,351,352,2271,2269
CQUAD4,1532,30,352,353,2273,2271
CQUAD4,1533,30,353,354,2275,2273
CQUAD4,1534,30,354,355,2277,2275
CQUAD4,1535,30,355,356,2279,2277
CQUAD4,1536,30,356,357,993,2279
CQUAD4,1537,30,797,2243,2281,798
CQUAD4,1538,30,2243,2245,2283,2281
CQUAD4,1539,30,2245,2247,2285,2283
CQUAD4,1540,30,2247,2249,2287,2285
CQUAD4,1541,30,2249,2251,2289,2287
CQUAD4,1542,30,2251,2253,2291,2289
CQUAD4,1543,30,2253,2255,2293,2291
CQUAD4,1544,30,2255,2257,2295,2293
CQUAD4,1545,30,2257,2259,2297,2295
CQUAD4,1546,30,2259,2261,2299,2297
CQUAD4,1547,30,2261,2263,2301,2299
CQUAD4,1548,30,2263,2265,2303,2301
CQUAD4,1549,30,2265,2267,2305,2303
CQUAD4,1550,30,2267,2269,2307,2305
CQUAD4,1551,30,2269,2271,2309,2307
CQUAD4,1552,30,2271,2273,2311,2309
CQUAD4,1553,30,2273,2275,2313,2311
CQUAD4,1554,30,2275,2277,2315,2313
CQUAD4,1555,30,2277,2279,2317,2315
CQUAD4,1556,30,2279,993,994,2317
CQUAD4,1557,30,798,2281,2319,799
CQUAD4,1558,30,2281,2283,2321,2319
CQUAD4,1559,30,2283,2285,2323,2321
CQUAD4,1560,30,2285,2287,2325,2323
CQUAD4,1561,30,2287,2289,2327,2325
CQUAD4,1562,30,2289,2291,2329,2327
CQUAD4,1563,30,2291,2293,2331,2329
CQUAD4,1564,30,2293,2295,2333,2331
CQUAD4,1565,30,2295,2297,2335,2333
CQUAD4,1566,30,2297,2299,2337,2335
CQUAD4,1567,30,2299,2301,2339,2337
CQUAD4,1568,30,2301,2303,2341,2339
CQUAD4,1569,30,2303,2305,2343,2341
CQUAD4,1570,30,2305,2307,2345,2343
CQUAD4,1571,30,2307,2309,2347,2345
CQUAD4,1572,30,2309,2311,2349,2347
CQUAD4,1573,30,2311,2313,2351,2349
CQUAD4,1574,30,2313,2315,2353,2351
CQUAD4,1575,30,2315,2317,2355,2353
CQUAD4,1576,30,2317,994,995,2355
CQUAD4,1577,30,799,2319,2357,800
CQUAD4,1578,30,2319,2321,2359,2357
CQUAD4,1579,30,2321,2323,2361,2359
CQUAD4,1580,30,2323,2325,2363,2361
CQUAD4,1581,30,2325,2327,2365,2363
CQUAD4,1582,30,2327,2329,2367,2365
CQUAD4,1583,30,2329,2331,2369,2367
CQUAD4,1584,30,2331,2333,2371,2369
CQUAD4,1585,30,2333,2335,2373,2371
CQUAD4,1586,30,2335,2337,2375,2373
CQUAD4,1587,30,2337,2339,2377,2375
CQUAD4,1588,30,2339,2341,2379,2377
CQUAD4,1589,30,2341,2343,2381,2379
CQUAD4,1590,30,2343,2345,2383,2381
CQUAD4,1591,30,2345,2347,2385,2383
CQUAD4,1592,30,2347,2349,2387,2385
CQUAD4,1593,30,2349,2351,2389,2387
CQUAD4,1594,30,2351,2353,2391,2389
CQUAD4,1595,30,2353,2355,2393,2391
CQUAD4,1596,30,2355,995,996,2393
CQUAD4,1597,30,800,2357,2395,801
CQUAD4,1598,30,2357,2359,2397,2395
CQUAD4,1599,30,2359,2361,2399,2397
CQUAD4,1600,30,2361,2363,2401,2399
CQUAD4,1601,30,2363,2365,2403,2401
CQUAD4,1602,30,2365,2367,2405,2403
CQUAD4,1603,30,2367,2369,2407,2405
CQUAD4,1604,30,2369,2371,2409,2407
CQUAD4,1605,30,2371,2373,2411,2409
CQUAD4,1606,30,2373,2375,2413,2411
CQUAD4,1607,30,2375,2377,2415,2413
CQUAD4,1608,30,2377,2379,2417,2415
CQUAD4,1609,30,2379,2381,2419,2417
CQUAD4,1610,30,2381,2383,2421,2419
CQUAD4,1611,30,2383,2385,2423,2421
CQUAD4,1612,30,2385,2387,2425,2423
CQUAD4,1613,30,2387,2389,2427,2425
CQUAD4,1614,30,2389,2391,2429,2427
CQUAD4,1615,30,2391,2393,2431,2429
CQUAD4,1616,30,2393,996,997,2431
CQUAD4,1617,30,801,2395,2433,802
CQUAD4,1618,30,2395,2397,2435,2433
CQUAD4,1619,30,2397,2399,2437,2435
CQUAD4,1620,30,2399,2401,2439,2437
CQUAD4,1621,30,2401,2403,2441,2439
CQUAD4,1622,30,2403,2405,2443,2441
CQUAD4,1623,30,2405,2407,2445,2443
CQUAD4,1624,30,2407,2409,2447,2445
CQUAD4,1625,30,2409,2411,2449,2447
CQUAD4,1626,30,2411,2413,2451,2449
CQUAD4,1627,30,2413,2415,2453,2451
CQUAD4,1628,30,2415,2417,2455,2453
CQUAD4,1629,30,2417,2419,2457,2455
CQUAD4,1630,30,2419,2421,2459,2457
CQUAD4,1631,30,2421,2423,2461,2459
CQUAD4,1632,30,2423,2425,2463,2461
CQUAD4,1633,30,2425,2427,2465,2463
CQUAD4,1634,30,2427,2429,2467,2465
CQUAD4,1635,30,2429,2431,2469,2467
CQUAD4,1636,30,2431,997,998,2469
CQUAD4,1637,30,802,2433,422,421
CQUAD4,1638,30,2433,2435,423,422
CQUAD4,1639,30,2435,2437,424,423
CQUAD4,1640,30,2437,2439,425,424
CQUAD4,1641,30,2439,2441,426,425
CQUAD4,1642,30,2441,2443,427,426
CQUAD4,1643,30,2443,2445,428,427
CQUAD4,1644,30,2445,2447,429,428
CQUAD4,1645,30,2447,2449,430,429
CQUAD4,1646,30,2449,2451,431,430
CQUAD4,1647,30,2451,2453,432,431
CQUAD4,1648,30,2453,2455,433,432
CQUAD4,1649,30,2455,2457,434,433
CQUAD4,1650,30,2457,2459,435,434
CQUAD4,1651,30,2459,2461,436,435
CQUAD4,1652,30,2461,2463,437,436
CQUAD4,1653,30,2463,2465,438,437
CQUAD4,1654,30,2465,2467,439,438
CQUAD4,1655,30,2467,2469,440,439
CQUAD4,1656,30,2469,998,441,440
CQUAD4,1657,31,421,422,2471,821
CQUAD4,1658,31,422,423,2473,2471
CQUAD4,1659,31,423,424,2475,2473
CQUAD4,1660,31,424,425,2477,2475
CQUAD4,1661,31,425,426,2479,2477
CQUAD4,1662,31,426,427,2481,2479
CQUAD4,1663,31,427,428,2483,2481
CQUAD4,1664,31,428,429,2485,2483
CQUAD4,1665,31,429,430,2487,2485
CQUAD4,1666,31,430,431,2489,2487
CQUAD4,1667,31,431,432,2491,2489
CQUAD4,1668,31,432,433,2493,2491
CQUAD4,1669,31,433,434,2495,2493
CQUAD4,1670,31,434,435,2497,2495
CQUAD4,1671,31,435,436,2499,2497
CQUAD4,1672,31,436,437,2501,2499
CQUAD4,1673,31,437,438,2503,2501
CQUAD4,1674,31,438,439,2505,2503
CQUAD4,1675,31,439,440,2507,2505
CQUAD4,1676,31,440,441,1017,2507
CQUAD4,1677,31,821,2471,2509,822
CQUAD4,1678,31,2471,2473,2511,2509
CQUAD4,1679,31,2473,2475,2513,2511
CQUAD4,1680,31,2475,2477,2515,2513
CQUAD4,1681,31,2477,2479,2517,2515
CQUAD4,1682,31,2479,2481,2519,2517
CQUAD4,1683,31,2481,2483,2521,2519
CQUAD4,1684,31,2483,2485,2523,2521
CQUAD4,1685,31,2485,2487,2525,2523
CQUAD4,1686,31,2487,2489,2527,2525
CQUAD4,1687,31,2489,2491,2529,2527
CQUAD4,1688,31,2491,2493,2531,2529
CQUAD4,1689,31,2493,2495,2533,2531
CQUAD4,1690,31,2495,2497,2535,2533
CQUAD4,1691,31,2497,2499,2537,2535
CQUAD4,1692,31,2499,2501,2539,2537
CQUAD4,1693,31,2501,2503,2541,2539
CQUAD4,1694,31,2503,2505,2543,2541
CQUAD4,1695,31,2505,2507,2545,2543
CQUAD4,1696,31,2507,1017,1018,2545
CQUAD4,1697,31,822,2509,2547,823
CQUAD4,1698,31,2509,2511,2549,2547
CQUAD4,1699,31,2511,2513,2551,2549
CQUAD4,1700,31,2513,2515,2553,2551
CQUAD4,1701,31,2515,2517,2555,2553
CQUAD4,1702,31,2517,2519,2557,2555
CQUAD4,1703,31,2519,2521,2559,2557
CQUAD4,1704,31,2521,2523,2561,2559
CQUAD4,1705,31,2523,2525,2563,2561
CQUAD4,1706,31,2525,2527,2565,2563
CQUAD4,1707,31,2527,2529,2567,2565
CQUAD4,1708,31,2529,2531,2569,2567
CQUAD4,1709,31,2531,2533,2571,2569
CQUAD4,1710,31,2533,2535,2573,2571
CQUAD4,1711,31,2535,2537,2575,2573
CQUAD4,1712,31,2537,2539,2577,2575
CQUAD4,1713,31,2539,2541,2579,2577
CQUAD4,1714,31,2541,2543,2581,2579
CQUAD4,1715,31,2543,2545,2583,2581
CQUAD4,1716,31,2545,1018,1019,2583
CQUAD4,1717,31,823,2547,2585,824
CQUAD4,1718,31,2547,2549,2587,2585
CQUAD4,1719,31,2549,2551,2589,2587
CQUAD4,1720,31,2551,2553,2591,2589
CQUAD4,1721,31,2553,2555,2593,2591
CQUAD4,1722,31,2555,2557,2595,2593
CQUAD4,1723,31,2557,2559,2597,2595
CQUAD4,1724,31,2559,2561,2599,2597
CQUAD4,1725,31,2561,2563,2601,2599
CQUAD4,1726,31,2563,2565,2603,2601
CQUAD4,1727,31,2565,2567,2605,2603
CQUAD4,1728,31,2567,2569,2607,2605
CQUAD4,1729,31,2569,2571,2609,2607
CQUAD4,1730,31,2571,2573,2611,2609
CQUAD4,1731,31,2573,2575,2613,2611
CQUAD4,1732,31,2575,2577,2615,2613
CQUAD4,1733,31,2577,2579,2617,2615
CQUAD4,1734,31,2579,2581,2619,2617
CQUAD4,1735,31,2581,2583,2621,2619
CQUAD4,1736,31,2583,1019,1020,2621
CQUAD4,1737,31,824,2585,2623,825
CQUAD4,1738,31,2585,2587,2625,2623
CQUAD4,1739,31,2587,2589,2627,2625
CQUAD4,1740,31,2589,2591,2629,2627
CQUAD4,1741,31,2591,2593,2631,2629
CQUAD4,1742,31,2593,2595,2633,2631
CQUAD4,1743,31,2595,2597,2635,2633
CQUAD4,1744,31,2597,2599,2637,2635
CQUAD4,1745,31,2599,2601,2639,2637
CQUAD4,1746,31,2601,2603,2641,2639
CQUAD4,1747,31,2603,2605,2643,2641
CQUAD4,1748,31,2605,2607,2645,2643
CQUAD4,1749,31,2607,2609,2647,2645
CQUAD4,1750,31,2609,2611,2649,2647
CQUAD4,1751,31,2611,2613,2651,2649
CQUAD4,1752,31,2613,2615,2653,2651
CQUAD4,1753,31,2615,2617,2655,2653
CQUAD4,1754,31,2617,2619,2657,2655
CQUAD4,1755,31,2619,2621,2659,2657
CQUAD4,1756,31,2621,1020,1021,2659
CQUAD4,1757,31,825,2623,2661,826
CQUAD4,1758,31,2623,2625,2663,2661
CQUAD4,1759,31,2625,2627,2665,2663
CQUAD4,1760,31,2627,2629,2667,2665
CQUAD4,1761,31,2629,2631,2669,2667
CQUAD4,1762,31,2631,2633,2671,2669
CQUAD4,1763,31,2633,2635,2673,2671
CQUAD4,1764,31,2635,2637,2675,2673
CQUAD4,1765,31,2637,2639,2677,2675
CQUAD4,1766,31,2639,2641,2679,2677
CQUAD4,1767,31,2641,2643,2681,2679
CQUAD4,1768,31,2643,2645,2683,2681
CQUAD4,1769,31,2645,2647,2685,2683
CQUAD4,1770,31,2647,2649,2687,2685
CQUAD4,1771,31,2649,2651,2689,2687
CQUAD4,1772,31,2651,2653,2691,2689
CQUAD4,1773,31,2653,2655,2693,2691
CQUAD4,1774,31,2655,2657,2695,2693
CQUAD4,1775,31,2657,2659,2697,2695
CQUAD4,1776,31,2659,1021,1022,2697
CQUAD4,1777,31,826,2661,506,505
CQUAD4,1778,31,2661,2663,507,506
CQUAD4,1779,31,2663,2665,508,507
CQUAD4,1780,31,2665,2667,509,508
CQUAD4,1781,31,2667,2669,510,509
CQUAD4,1782,31,2669,2671,511,510
CQUAD4,1783,31,2671,2673,512,511
CQUAD4,1784,31,2673,2675,513,512
CQUAD4,1785,31,2675,2677,514,513
CQUAD4,1786,31,2677,2679,515,514
CQUAD4,1787,31,2679,2681,516,515
CQUAD4,1788,31,2681,2683,517,516
CQUAD4,1789,31,2683,2685,518,517
CQUAD4,1790,31,2685,2687,519,518
CQUAD4,1791,31,2687,2689,520,519
CQUAD4,1792,31,2689,2691,521,520
CQUAD4,1793,31,2691,2693,522,521
CQUAD4,1794,31,2693,2695,523,522
CQUAD4,1795,31,2695,2697,524,523
CQUAD4,1796,31,2697,1022,525,524
CQUAD4,1797,32,505,506,2699,845
CQUAD4,1798,32,506,507,2701,2699
CQUAD4,1799,32,507,508,2703,2701
CQUAD4,1800,32,508,509,2705,2703
CQUAD4,1801,32,509,510,2707,2705
CQUAD4,1802,32,510,511,2709,2707
CQUAD4,1803,32,511,512,2711,2709
CQUAD4,1804,32,512,513,2713,2711
CQUAD4,1805,32,513,514,2715,2713
CQUAD4,1806,32,514,515,2717,2715
CQUAD4,1807,32,515,516,2719,2717
CQUAD4,1808,32,516,517,2721,2719
CQUAD4,1809,32,517,518,2723,2721
CQUAD4,1810,32,518,519,2725,2723
CQUAD4,1811,32,519,520,2727,2725
CQUAD4,1812,32,520,521,2729,2727
CQUAD4,1813,32,521,522,2731,2729
CQUAD4,1814,32,522,523,2733,2731
CQUAD4,1815,32,523,524,2735,2733
CQUAD4,1816,32,524,525,1041,2735
CQUAD4,1817,32,845,2699,2737,846
CQUAD4,1818,32,2699,2701,2739,2737
CQUAD4,1819,32,2701,2703,2741,2739
CQUAD4,1820,32,2703,2705,2743,2741
CQUAD4,1821,32,2705,2707,2745,2743
CQUAD4,1822,32,2707,2709,2747,2745
CQUAD4,1823,32,2709,2711,2749,2747
CQUAD4,1824,32,2711,2713,2751,2749
CQUAD4,1825,32,2713,2715,2753,2751
CQUAD4,1826,32,2715,2717,2755,2753
CQUAD4,1827,32,2717,2719,2757,2755
CQUAD4,1828,32,2719,2721,2759,2757
CQUAD4,1829,32,2721,2723,2761,2759
CQUAD4,1830,32,2723,2725,2763,2761
CQUAD4,1831,32,2725,2727,2765,2763
CQUAD4,1832,32,2727,2729,2767,2765
CQUAD4,1833,32,2729,2731,2769,2767
CQUAD4,1834,32,2731,2733,2771,2769
CQUAD4,1835,32,2733,2735,2773,2771
CQUAD4,1836,32,2735,1041,1042,2773
CQUAD4,1837,32,846,2737,2775,847
CQUAD4,1838,32,2737,2739,2777,2775
CQUAD4,1839,32,2739,2741,2779,2777
CQUAD4,1840,32,2741,2743,2781,2779
CQUAD4,1841,32,2743,2745,2783,2781
CQUAD4,1842,32,2745,2747,2785,2783
CQUAD4,1843,32,2747,2749,2787,2785
CQUAD4,1844,32,2749,2751,2789,2787
CQUAD4,1845,32,2751,2753,2791,2789
CQUAD4,1846,32,2753,2755,2793,2791
CQUAD4,1847,32,2755,2757,2795,2793
CQUAD4,1848,32,2757,2759,2797,2795
CQUAD4,1849,32,2759,2761,2799,2797
CQUAD4,1850,32,2761,2763,2801,2799
CQUAD4,1851,32,2763,2765,2803,2801
CQUAD4,1852,32,2765,2767,2805,2803
CQUAD4,1853,32,2767,2769,2807,2805
CQUAD4,1854,32,2769,2771,2809,2807
CQUAD4,1855,32,2771,2773,2811,2809
CQUAD4,1856,32,2773,1042,1043,2811
CQUAD4,1857,32,847,2775,2813,848
CQUAD4,1858,32,2775,2777,2815,2813
CQUAD4,1859,32,2777,2779,2817,2815
CQUAD4,1860,32,2779,2781,2819,2817
CQUAD4,1861,32,2781,2783,2821,2819
CQUAD4,1862,32,2783,2785,2823,2821
CQUAD4,1863,32,2785,2787,2825,2823
CQUAD4,1864,32,2787,2789,2827,2825
CQUAD4,1865,32,2789,2791,2829,2827
CQUAD4,1866,32,2791,2793,2831,2829
CQUAD4,1867,32,2793,2795,2833,2831
CQUAD4,1868,32,2795,2797,2835,2833
CQUAD4,1869,32,2797,2799,2837,2835
CQUAD4,1870,32,2799,2801,2839,2837
CQUAD4,1871,32,2801,2803,2841,2839
CQUAD4,1872,32,2803,2805,2843,2841
CQUAD4,1873,32,2805,2807,2845,2843
CQUAD4,1874,32,2807,2809,2847,2845
CQUAD4,1875,32,2809,2811,2849,2847
CQUAD4,1876,32,2811,1043,1044,2849
CQUAD4,1877,32,848,2813,2851,849
CQUAD4,1878,32,2813,2815,2853,2851
CQUAD4,1879,32,2815,2817,2855,2853
CQUAD4,1880,32,2817,2819,2857,2855
CQUAD4,1881,32,2819,2821,2859,2857
CQUAD4,1882,32,2821,2823,2861,2859
CQUAD4,1883,32,2823,2825,2863,2861
CQUAD4,1884,32,2825,2827,2865,2863
CQUAD4,1885,32,2827,2829,2867,2865
CQUAD4,1886,32,2829,2831,2869,2867
CQUAD4,1887,32,2831,2833,2871,2869
CQUAD4,1888,32,2833,2835,2873,2871
CQUAD4,1889,32,2835,2837,2875,2873
CQUAD4,1890,32,2837,2839,2877,2875
CQUAD4,1891,32,2839,2841,2879,2877
CQUAD4,1892,32,2841,2843,2881,2879
CQUAD4,1893,32,2843,2845,2883,2881
CQUAD4,1894,32,2845,2847,2885,2883
CQUAD4,1895,32,2847,2849,2887,2885
CQUAD4,1896,32,2849,1044,1045,2887
CQUAD4,1897,32,849,2851,2889,850
CQUAD4,1898,32,2851,2853,2891,2889
CQUAD4,1899,32,2853,2855,2893,2891
CQUAD4,1900,32,2855,2857,2895,2893
CQUAD4,1901,32,2857,2859,2897,2895
CQUAD4,1902,32,2859,2861,2899,2897
CQUAD4,1903,32,2861,2863,2901,2899
CQUAD4,1904,32,2863,2865,2903,2901
CQUAD4,1905,32,2865,2867,2905,2903
CQUAD4,1906,32,2867,2869,2907,2905
CQUAD4,1907,32,2869,2871,2909,2907
CQUAD4,1908,32,2871,2873,2911,2909
CQUAD4,1909,32,2873,2875,2913,2911
CQUAD4,1910,32,2875,2877,2915,2913
CQUAD4,1911,32,2877,2879,2917,2915
CQUAD4,1912,32,2879,2881,2919,2917
CQUAD4,1913,32,2881,2883,2921,2919
CQUAD4,1914,32,2883,2885,2923,2921
CQUAD4,1915,32,2885,2887,2925,2923
CQUAD4,1916,32,2887,1045,1046,2925
CQUAD4,1917,32,850,2889,590,589
CQUAD4,1918,32,2889,2891,591,590
CQUAD4,1919,32,2891,2893,592,591
CQUAD4,1920,32,2893,2895,593,592
CQUAD4,1921,32,2895,2897,594,593
CQUAD4,1922,32,2897,2899,595,594
CQUAD4,1923,32,2899,2901,596,595
CQUAD4,1924,32,2901,2903,597,596
CQUAD4,1925,32,2903,2905,598,597
CQUAD4,1926,32,2905,2907,599,598
CQUAD4,1927,32,2907,2909,600,599
CQUAD4,1928,32,2909,2911,601,600
CQUAD4,1929,32,2911,2913,602,601
CQUAD4,1930,32,2913,2915,603,602
CQUAD4,1931,32,2915,2917,604,603
CQUAD4,1932,32,2917,2919,605,604
CQUAD4,1933,32,2919,2921,606,605
CQUAD4,1934,32,2921,2923,607,606
CQUAD4,1935,32,2923,2925,608,607
CQUAD4,1936,32,2925,1046,609,608
CQUAD4,1937,33,694,1066,1104,695
CQUAD4,1938,33,1066,1068,1106,1104
CQUAD4,1939,33,1068,1070,1108,1106
CQUAD4,1940,33,1070,1072,1110,1108
CQUAD4,1941,33,1072,1074,1112,1110
CQUAD4,1942,33,1074,1076,1114,1112
CQUAD4,1943,33,1076,1078,1116,1114
CQUAD4,1944,33,1078,1080,1118,1116
CQUAD4,1945,33,1080,1082,1120,1118
CQUAD4,1946,33,1082,1084,1122,1120
CQUAD4,1947,33,1084,1086,1124,1122
CQUAD4,1948,33,1086,1088,1126,1124
CQUAD4,1949,33,1088,1090,1128,1126
CQUAD4,1950,33,1090,1092,1130,1128
CQUAD4,1951,33,1092,1094,1132,1130
CQUAD4,1952,33,1094,1096,1134,1132
CQUAD4,1953,33,1096,1098,1136,1134
CQUAD4,1954,33,1098,1100,1138,1136
CQUAD4,1955,33,1100,1102,1140,1138
CQUAD4,1956,33,1102,890,891,1140
CQUAD4,1957,33,695,1104,1142,696
CQUAD4,1958,33,1104,1106,1144,1142
CQUAD4,1959,33,1106,1108,1146,1144
CQUAD4,1960,33,1108,1110,1148,1146
CQUAD4,1961,33,1110,1112,1150,1148
CQUAD4,1962,33,1112,1114,1152,1150
CQUAD4,1963,33,1114,1116,1154,1152
CQUAD4,1964,33,1116,1118,1156,1154
CQUAD4,1965,33,1118,1120,1158,1156
CQUAD4,1966,33,1120,1122,1160,1158
CQUAD4,1967,33,1122,1124,1162,1160
CQUAD4,1968,33,1124,1126,1164,1162
CQUAD4,1969,33,1126,1128,1166,1164
CQUAD4,1970,33,1128,1130,1168,1166
CQUAD4,1971,33,1130,1132,1170,1168
CQUAD4,1972,33,1132,1134,1172,1170
CQUAD4,1973,33,1134,1136,1174,1172
CQUAD4,1974,33,1136,1138,1176,1174
CQUAD4,1975,33,1138,1140,1178,1176
CQUAD4,1976,33,1140,891,892,1178
CQUAD4,1977,33,696,1142,1180,697
CQUAD4,1978,33,1142,1144,1182,1180
CQUAD4,1979,33,1144,1146,1184,1182
CQUAD4,1980,33,1146,1148,1186,1184
CQUAD4,1981,33,1148,1150,1188,1186
CQUAD4,1982,33,1150,1152,1190,1188
CQUAD4,1983,33,1152,1154,1192,1190
CQUAD4,1984,33,1154,1156,1194,1192
CQUAD4,1985,33,1156,1158,1196,1194
CQUAD4,1986,33,1158,1160,1198,1196
CQUAD4,1987,33,1160,1162,1200,1198
CQUAD4,1988,33,1162,1164,1202,1200
CQUAD4,1989,33,1164,1166,1204,1202
CQUAD4,1990,33,1166,1168,1206,1204
CQUAD4,1991,33,1168,1170,1208,1206
CQUAD4,1992,33,1170,1172,1210,1208
CQUAD4,1993,33,1172,1174,1212,1210
CQUAD4,1994,33,1174,1176,1214,1212
CQUAD4,1995,33,1176,1178,1216,1214
CQUAD4,1996,33,1178,892,893,1216
CQUAD4,1997,33,697,1180,1218,698
CQUAD4,1998,33,1180,1182,1220,1218
CQUAD4,1999,33,1182,1184,1222,1220
CQUAD4,2000,33,1184,1186,1224,1222
CQUAD4,2001,33,1186,1188,1226,1224
CQUAD4,2002,33,1188,1190,1228,1226
CQUAD4,2003,33,1190,1192,1230,1228
CQUAD4,2004,33,1192,1194,1232,1230
CQUAD4,2005,33,1194,1196,1234,1232
CQUAD4,2006,33,1196,1198,1236,1234
CQUAD4,2007,33,1198,1200,1238,1236
CQUAD4,2008,33,1200,1202,1240,1238
CQUAD4,2009,33,1202,1204,1242,1240
CQUAD4,2010,33,1204,1206,1244,1242
CQUAD4,2011,33,1206,1208,1246,1244
CQUAD4,2012,33,1208,1210,1248,1246
CQUAD4,2013,33,1210,1212,1250,1248
CQUAD4,2014,33,1212,1214,1252,1250
CQUAD4,2015,33,1214,1216,1254,1252
CQUAD4,2016,33,1216,893,894,1254
CQUAD4,2017,33,698,1218,1256,699
CQUAD4,2018,33,1218,1220,1258,1256
CQUAD4,2019,33,1220,1222,1260,1258
CQUAD4,2020,33,1222,1224,1262,1260
CQUAD4,2021,33,1224,1226,1264,1262
CQUAD4,2022,33,1226,1228,1266,1264
CQUAD4,2023,33,1228,1230,1268,1266
CQUAD4,2024,33,1230,1232,1270,1268
CQUAD4,2025,33,1232,1234,1272,1270
CQUAD4,2026,33,1234,1236,1274,1272
CQUAD4,2027,33,1236,1238,1276,1274
CQUAD4,2028,33,1238,1240,1278,1276
CQUAD4,2029,33,1240,1242,1280,1278
CQUAD4,2030,33,1242,1244,1282,1280
CQUAD4,2031,33,1244,1246,1284,1282
CQUAD4,2032,33,1246,1248,1286,1284
CQUAD4,2033,33,1248,1250,1288,1286
CQUAD4,2034,33,1250,1252,1290,1288
CQUAD4,2035,33,1252,1254,1292,1290
CQUAD4,2036,33,1254,894,895,1292
CQUAD4,2037,33,699,1256,1294,700
CQUAD4,2038,33,1256,1258,1296,1294
CQUAD4,2039,33,1258,1260,1298,1296
CQUAD4,2040,33,1260,1262,1300,1298
CQUAD4,2041,33,1262,1264,1302,1300
CQUAD4,2042,33,1264,1266,1304,1302
CQUAD4,2043,33,1266,1268,1306,1304
CQUAD4,2044,33,1268,1270,1308,1306
CQUAD4,2045,33,1270,1272,1310,1308
CQUAD4,2046,33,1272,1274,1312,1310
CQUAD4,2047,33,1274,1276,1314,1312
CQUAD4,2048,33,1276,1278,1316,1314
CQUAD4,2049,33,1278,1280,1318,1316
CQUAD4,2050,33,1280,1282,1320,1318
CQUAD4,2051,33,1282,1284,1322,1320
CQUAD4,2052,33,1284,1286,1324,1322
CQUAD4,2053,33,1286,1288,1326,1324
CQUAD4,2054,33,1288,1290,1328,1326
CQUAD4,2055,33,1290,1292,1330,1328
CQUAD4,2056,33,1292,895,896,1330
CQUAD4,2057,33,700,1294,65,64
CQUAD4,2058,33,1294,1296,66,65
CQUAD4,2059,33,1296,1298,67,66
CQUAD4,2060,33,1298,1300,68,67
CQUAD4,2061,33,1300,1302,69,68
CQUAD4,2062,33,1302,1304,70,69
CQUAD4,2063,33,1304,1306,71,70
CQUAD4,2064,33,1306,1308,72,71
CQUAD4,2065,33,1308,1310,73,72
CQUAD4,2066,33,1310,1312,74,73
CQUAD4,2067,33,1312,1314,75,74
CQUAD4,2068,33,1314,1316,76,75
CQUAD4,2069,33,1316,1318,77,76
CQUAD4,2070,33,1318,1320,78,77
CQUAD4,2071,33,1320,1322,79,78
CQUAD4,2072,33,1322,1324,80,79
CQUAD4,2073,33,1324,1326,81,80
CQUAD4,2074,33,1326,1328,82,81
CQUAD4,2075,33,1328,1330,83,82
CQUAD4,2076,33,1330,896,84,83
CQUAD4,2077,34,64,65,1332,719
CQUAD4,2078,34,65,66,1334,1332
CQUAD4,2079,34,66,67,1336,1334
CQUAD4,2080,34,67,68,1338,1336
CQUAD4,2081,34,68,69,1340,1338
CQUAD4,2082,34,69,70,1342,1340
CQUAD4,2083,34,70,71,1344,1342
CQUAD4,2084,34,71,72,1346,1344
CQUAD4,2085,34,72,73,1348,1346
CQUAD4,2086,34,73,74,1350,1348
CQUAD4,2087,34,74,75,1352,1350
CQUAD4,2088,34,75,76,1354,1352
CQUAD4,2089,34,76,77,1356,1354
CQUAD4,2090,34,77,78,1358,1356
CQUAD4,2091,34,78,79,1360,1358
CQUAD4,2092,34,79,80,1362,1360
CQUAD4,2093,34,80,81,1364,1362
CQUAD4,2094,34,81,82,1366,1364
CQUAD4,2095,34,82,83,1368,1366
CQUAD4,2096,34,83,84,915,1368
CQUAD4,2097,34,719,1332,1370,720
CQUAD4,2098,34,1332,1334,1372,1370
CQUAD4,2099,34,1334,1336,1374,1372
CQUAD4,2100,34,1336,1338,1376,1374
CQUAD4,2101,34,1338,1340,1378,1376
CQUAD4,2102,34,1340,1342,1380,1378
CQUAD4,2103,34,1342,1344,1382,1380
CQUAD4,2104,34,1344,1346,1384,1382
CQUAD4,2105,34,1346,1348,1386,1384
CQUAD4,2106,34,1348,1350,1388,1386
CQUAD4,2107,34,1350,1352,1390,1388
CQUAD4,2108,34,1352,1354,1392,1390
CQUAD4,2109,34,1354,1356,1394,1392
CQUAD4,2110,34,1356,1358,1396,1394
CQUAD4,2111,34,1358,1360,1398,1396
CQUAD4,2112,34,1360,1362,1400,1398
CQUAD4,2113,34,1362,1364,1402,1400
CQUAD4,2114,34,1364,1366,1404,1402
CQUAD4,2115,34,1366,1368,1406,1404
CQUAD4,2116,34,1368,915,916,1406
CQUAD4,2117,34,720,1370,1408,721
CQUAD4,2118,34,1370,1372,1410,1408
CQUAD4,2119,34,1372,1374,1412,1410
CQUAD4,2120,34,1374,1376,1414,1412
CQUAD4,2121,34,1376,1378,1416,1414
CQUAD4,2122,34,1378,1380,1418,1416
CQUAD4,2123,34,1380,1382,1420,1418
CQUAD4,2124,34,1382,1384,1422,1420
CQUAD4,2125,34,1384,1386,1424,1422
CQUAD4,2126,34,1386,1388,1426,1424
CQUAD4,2127,34,1388,1390,1428,1426
CQUAD4,2128,34,1390,1392,1430,1428
CQUAD4,2129,34,1392,1394,1432,1430
CQUAD4,2130,34,1394,1396,1434,1432
CQUAD4,2131,34,1396,1398,1436,1434
CQUAD4,2132,34,1398,1400,1438,1436
CQUAD4,2133,34,1400,1402,1440,1438
CQUAD4,2134,34,1402,1404,1442,1440
CQUAD4,2135,34,1404,1406,1444,1442
CQUAD4,2136,34,1406,916,917,1444
CQUAD4,2137,34,721,1408,1446,722
CQUAD4,2138,34,1408,1410,1448,1446
CQUAD4,2139,34,1410,1412,1450,1448
CQUAD4,2140,34,1412,1414,1452,1450
CQUAD4,2141,34,1414,1416,1454,1452
CQUAD4,2142,34,1416,1418,1456,1454
CQUAD4,2143,34,1418,1420,1458,1456
CQUAD4,2144,34,1420,1422,1460,1458
CQUAD4,2145,34,1422,1424,1462,1460
CQUAD4,2146,34,1424,1426,1464,1462
CQUAD4,2147,34,1426,1428,1466,1464
CQUAD4,2148,34,1428,1430,1468,1466
CQUAD4,2149,34,1430,1432,1470,1468
CQUAD4,2150,34,1432,1434,1472,1470
CQUAD4,2151,34,1434,1436,1474,1472
CQUAD4,2152,34,1436,1438,1476,1474
CQUAD4,2153,34,1438,1440,1478,1476
CQUAD4,2154,34,1440,1442,1480,1478
CQUAD4,2155,34,1442,1444,1482,1480
CQUAD4,2156,34,1444,917,918,1482
CQUAD4,2157,34,722,1446,1484,723
CQUAD4,2158,34,1446,1448,1486,1484
CQUAD4,2159,34,1448,1450,1488,1486
CQUAD4,2160,34,1450,1452,1490,1488
CQUAD4,2161,34,1452,1454,1492,1490
CQUAD4,2162,34,1454,1456,1494,1492
CQUAD4,2163,34,1456,1458,1496,1494
CQUAD4,2164,34,1458,1460,1498,1496
CQUAD4,2165,34,1460,1462,1500,1498
CQUAD4,2166,34,1462,1464,1502,1500
CQUAD4,2167,34,1464,1466,1504,1502
CQUAD4,2168,34,1466,1468,1506,1504
CQUAD4,2169,34,1468,1470,1508,1506
CQUAD4,2170,34,1470,1472,1510,1508
CQUAD4,2171,34,1472,1474,1512,1510
CQUAD4,2172,34,1474,1476,1514,1512
CQUAD4,2173,34,1476,1478,1516,1514
CQUAD4,2174,34,1478,1480,1518,1516
CQUAD4,2175,34,1480,1482,1520,1518
CQUAD4,2176,34,1482,918,919,1520
CQUAD4,2177,34,723,1484,1522,724
CQUAD4,2178,34,1484,1486,1524,1522
CQUAD4,2179,34,1486,1488,1526,1524
CQUAD4,2180,34,1488,1490,1528,1526
CQUAD4,2181,34,1490,1492,1530,1528
CQUAD4,2182,34,1492,1494,1532,1530
CQUAD4,2183,34,1494,1496,1534,1532
CQUAD4,2184,34,1496,1498,1536,1534
CQUAD4,2185,34,1498,1500,1538,1536
CQUAD4,2186,34,1500,1502,1540,1538
CQUAD4,2187,34,1502,1504,1542,1540
CQUAD4,2188,34,1504,1506,1544,1542
CQUAD4,2189,34,1506,1508,1546,1544
CQUAD4,2190,34,1508,1510,1548,1546
CQUAD4,2191,34,1510,1512,1550,1548
CQUAD4,2192,34,1512,1514,1552,1550
CQUAD4,2193,34,1514,1516,1554,1552
CQUAD4,2194,34,1516,1518,1556,1554
CQUAD4,2195,34,1518,1520,1558,1556
CQUAD4,2196,34,1520,919,920,1558
CQUAD4,2197,34,724,1522,149,148
CQUAD4,2198,34,1522,1524,150,149
CQUAD4,2199,34,1524,1526,151,150
CQUAD4,2200,34,1526,1528,152,151
CQUAD4,2201,34,1528,1530,153,152
CQUAD4,2202,34,1530,1532,154,153
CQUAD4,2203,34,1532,1534,155,154
CQUAD4,2204,34,1534,1536,156,155
CQUAD4,2205,34,1536,1538,157,156
CQUAD4,2206,34,1538,1540,158,157
CQUAD4,2207,34,1540,1542,159,158
CQUAD4,2208,34,1542,1544,160,159
CQUAD4,2209,34,1544,1546,161,160
CQUAD4,2210,34,1546,1548,162,161
CQUAD4,2211,34,1548,1550,163,162
CQUAD4,2212,34,1550,1552,164,163
CQUAD4,2213,34,1552,1554,165,164
CQUAD4,2214,34,1554,1556,166,165
CQUAD4,2215,34,1556,1558,167,166
CQUAD4,2216,34,1558,920,168,167
CQUAD4,2217,35,148,149,1560,743
CQUAD4,2218,35,149,150,1562,1560
CQUAD4,2219,35,150,151,1564,1562
CQUAD4,2220,35,151,152,1566,1564
CQUAD4,2221,35,152,153,1568,1566
CQUAD4,2222,35,153,154,1570,1568
CQUAD4,2223,35,154,155,1572,1570
CQUAD4,2224,35,155,156,1574,1572
CQUAD4,2225,35,156,157,1576,1574
CQUAD4,2226,35,157,158,1578,1576
CQUAD4,2227,35,158,159,1580,1578
CQUAD4,2228,35,159,160,1582,1580
CQUAD4,2229,35,160,161,1584,1582
CQUAD4,2230,35,161,162,1586,1584
CQUAD4,2231,35,162,163,1588,1586
CQUAD4,2232,35,163,164,1590,1588
CQUAD4,2233,35,164,165,1592,1590
CQUAD4,2234,35,165,166,1594,1592
CQUAD4,2235,35,166,167,1596,1594
CQUAD4,2236,35,167,168,939,1596
CQUAD4,2237,35,743,1560,1598,744
CQUAD4,2238,35,1560,1562,1600,1598
CQUAD4,2239,35,1562,1564,1602,1600
CQUAD4,2240,35,1564,1566,1604,1602
CQUAD4,2241,35,1566,1568,1606,1604
CQUAD4,2242,35,1568,1570,1608,1606
CQUAD4,2243,35,1570,1572,1610,1608
CQUAD4,2244,35,1572,1574,1612,1610
CQUAD4,2245,35,1574,1576,1614,1612
CQUAD4,2246,35,1576,1578,1616,1614
CQUAD4,2247,35,1578,1580,1618,1616
CQUAD4,2248,35,1580,1582,1620,1618
CQUAD4,2249,35,1582,1584,1622,1620
CQUAD4,2250,35,1584,1586,1624,1622
CQUAD4,2251,35,1586,1588,1626,1624
CQUAD4,2252,35,1588,1590,1628,1626
CQUAD4,2253,35,1590,1592,1630,1628
CQUAD4,2254,35,1592,1594,1632,1630
CQUAD4,2255,35,1594,1596,1634,1632
CQUAD4,2256,35,1596,939,940,1634
CQUAD4,2257,35,744,1598,1636,745
CQUAD4,2258,35,1598,1600,1638,1636
CQUAD4,2259,35,1600,1602,1640,1638
CQUAD4,2260,35,1602,1604,1642,1640
CQUAD4,2261,35,1604,1606,1644,1642
CQUAD4,2262,35,1606,1608,1646,1644
CQUAD4,2263,35,1608,1610,1648,1646
CQUAD4,2264,35,1610,1612,1650,1648
CQUAD4,2265,35,1612,1614,1652,1650
CQUAD4,2266,35,1614,1616,1654,1652
CQUAD4,2267,35,1616,1618,1656,1654
CQUAD4,2268,35,1618,1620,1658,1656
CQUAD4,2269,35,1620,1622,1660,1658
CQUAD4,2270,35,1622,1624,1662,1660
CQUAD4,2271,35,1624,1626,1664,1662
CQUAD4,2272,35,1626,1628,1666,1664
CQUAD4,2273,35,1628,1630,1668,1666
CQUAD4,2274,35,1630,1632,1670,1668
CQUAD4,2275,35,1632,1634,1672,1670
CQUAD4,2276,35,1634,940,941,1672
CQUAD4,2277,35,745,1636,1674,746
CQUAD4,2278,35,1636,1638,1676,1674
CQUAD4,2279,35,1638,1640,1678,1676
CQUAD4,2280,35,1640,1642,1680,1678
CQUAD4,2281,35,1642,1644,1682,1680
CQUAD4,2282,35,1644,1646,1684,1682
CQUAD4,2283,35,1646,1648,1686,1684
CQUAD4,2284,35,1648,1650,1688,1686
CQUAD4,2285,35,1650,1652,1690,1688
CQUAD4,2286,35,1652,1654,1692,1690
CQUAD4,2287,35,1654,1656,1694,1692
CQUAD4,2288,35,1656,1658,1696,1694
CQUAD4,2289,35,1658,1660,1698,1696
CQUAD4,2290,35,1660,1662,1700,1698
CQUAD4,2291,35,1662,1664,1702,1700
CQUAD4,2292,35,1664,1666,1704,1702
CQUAD4,2293,35,1666,1668,1706,1704
CQUAD4,2294,35,1668,1670,1708,1706
CQUAD4,2295,35,1670,1672,1710,1708
CQUAD4,2296,35,1672,941,942,1710
CQUAD4,2297,35,746,1674,1712,747
CQUAD4,2298,35,1674,1676,1714,1712
CQUAD4,2299,35,1676,1678,1716,1714
CQUAD4,2300,35,1678,1680,1718,1716
CQUAD4,2301,35,1680,1682,1720,1718
CQUAD4,2302,35,1682,1684,1722,1720
CQUAD4,2303,35,1684,1686,1724,1722
CQUAD4,2304,35,1686,1688,1726,1724
CQUAD4,2305,35,1688,1690,1728,1726
CQUAD4,2306,35,1690,1692,1730,1728
CQUAD4,2307,35,1692,1694,1732,1730
CQUAD4,2308,35,1694,1696,1734,1732
CQUAD4,2309,35,1696,1698,1736,1734
CQUAD4,2310,35,1698,1700,1738,1736
CQUAD4,2311,35,1700,1702,1740,1738
CQUAD4,2312,35,1702,1704,1742,1740
CQUAD4,2313,35,1704,1706,1744,1742
CQUAD4,2314,35,1706,1708,1746,1744
CQUAD4,2315,35,1708,1710,1748,1746
CQUAD4,2316,35,1710,942,943,1748
CQUAD4,2317,35,747,1712,1750,748
CQUAD4,2318,35,1712,1714,1752,1750
CQUAD4,2319,35,1714,1716,1754,1752
CQUAD4,2320,35,1716,1718,1756,1754
CQUAD4,2321,35,1718,1720,1758,1756
CQUAD4,2322,35,1720,1722,1760,1758
CQUAD4,2323,35,1722,1724,1762,1760
CQUAD4,2324,35,1724,1726,1764,1762
CQUAD4,2325,35,1726,1728,1766,1764
CQUAD4,2326,35,1728,1730,1768,1766
CQUAD4,2327,35,1730,1732,1770,1768
CQUAD4,2328,35,1732,1734,1772,1770
CQUAD4,2329,35,1734,1736,1774,1772
CQUAD4,2330,35,1736,1738,1776,1774
CQUAD4,2331,35,1738,1740,1778,1776
CQUAD4,2332,35,1740,1742,1780,1778
CQUAD4,2333,35,1742,1744,1782,1780
CQUAD4,2334,35,1744,1746,1784,1782
CQUAD4,2335,35,1746,1748,1786,1784
CQUAD4,2336,35,1748,943,944,1786
CQUAD4,2337,35,748,1750,233,232
CQUAD4,2338,35,1750,1752,234,233
CQUAD4,2339,35,1752,1754,235,234
CQUAD4,2340,35,1754,1756,236,235
CQUAD4,2341,35,1756,1758,237,236
CQUAD4,2342,35,1758,1760,238,237
CQUAD4,2343,35,1760,1762,239,238
CQUAD4,2344,35,1762,1764,240,239
CQUAD4,2345,35,1764,1766,241,240
CQUAD4,2346,35,1766,1768,242,241
CQUAD4,2347,35,1768,1770,243,242
CQUAD4,2348,35,1770,1772,244,243
CQUAD4,2349,35,1772,1774,245,244
CQUAD4,2350,35,1774,1776,246,245
CQUAD4,2351,35,1776,1778,247,246
CQUAD4,2352,35,1778,1780,248,247
CQUAD4,2353,35,1780,1782,249,248
CQUAD4,2354,35,1782,1784,250,249
CQUAD4,2355,35,1784,1786,251,250
CQUAD4,2356,35,1786,944,252,251
CQUAD4,2357,36,232,233,1788,767
CQUAD4,2358,36,233,234,1790,1788
CQUAD4,2359,36,234,235,1792,1790
CQUAD4,2360,36,235,236,1794,1792
CQUAD4,2361,36,236,237,1796,1794
CQUAD4,2362,36,237,238,1798,1796
CQUAD4,2363,36,238,239,1800,1798
CQUAD4,2364,36,239,240,1802,1800
CQUAD4,2365,36,240,241,1804,1802
CQUAD4,2366,36,241,242,1806,1804
CQUAD4,2367,36,242,243,1808,1806
CQUAD4,2368,36,243,244,1810,1808
CQUAD4,2369,36,244,245,1812,1810
CQUAD4,2370,36,245,246,1814,1812
CQUAD4,2371,36,246,247,1816,1814
CQUAD4,2372,36,247,248,1818,1816
CQUAD4,2373,36,248,249,1820,1818
CQUAD4,2374,36,249,250,1822,1820
CQUAD4,2375,36,250,251,1824,1822
CQUAD4,2376,36,251,252,963,1824
CQUAD4,2377,36,767,1788,1826,768
CQUAD4,2378,36,1788,1790,1828,1826
CQUAD4,2379,36,1790,1792,1830,1828
CQUAD4,2380,36,1792,1794,1832,1830
CQUAD4,2381,36,1794,1796,1834,1832
CQUAD4,2382,36,1796,1798,1836,1834
CQUAD4,2383,36,1798,1800,1838,1836
CQUAD4,2384,36,1800,1802,1840,1838
CQUAD4,2385,36,1802,1804,1842,1840
CQUAD4,2386,36,1804,1806,1844,1842
CQUAD4,2387,36,1806,1808,1846,1844
CQUAD4,2388,36,1808,1810,1848,1846
CQUAD4,2389,36,1810,1812,1850,1848
CQUAD4,2390,36,1812,1814,1852,1850
CQUAD4,2391,36,1814,1816,1854,1852
CQUAD4,2392,36,1816,1818,1856,1854
CQUAD4,2393,36,1818,1820,1858,1856
CQUAD4,2394,36,1820,1822,1860,1858
CQUAD4,2395,36,1822,1824,1862,1860
CQUAD4,2396,36,1824,963,964,1862
CQUAD4,2397,36,768,1826,1864,769
CQUAD4,2398,36,1826,1828,1866,1864
CQUAD4,2399,36,1828,1830,1868,1866
CQUAD4,2400,36,1830,1832,1870,1868
CQUAD4,2401,36,1832,1834,1872,1870
CQUAD4,2402,36,1834,1836,1874,1872
CQUAD4,2403,36,1836,1838,1876,1874
CQUAD4,2404,36,1838,1840,1878,1876
CQUAD4,2405,36,1840,1842,1880,1878
CQUAD4,2406,36,1842,1844,1882,1880
CQUAD4,2407,36,1844,1846,1884,1882
CQUAD4,2408,36,1846,1848,1886,1884
CQUAD4,2409,36,1848,1850,1888,1886
CQUAD4,2410,36,1850,1852,1890,1888
CQUAD4,2411,36,1852,1854,1892,1890
CQUAD4,2412,36,1854,1856,1894,1892
CQUAD4,2413,36,1856,1858,1896,1894
CQUAD4,2414,36,1858,1860,1898,1896
CQUAD4,2415,36,1860,1862,1900,1898
CQUAD4,2416,36,1862,964,965,1900
CQUAD4,2417,36,769,1864,1902,770
CQUAD4,2418,36,1864,1866,1904,1902
CQUAD4,2419,36,1866,1868,1906,1904
CQUAD4,2420,36,1868,1870,1908,1906
CQUAD4,2421,36,1870,1872,1910,1908
CQUAD4,2422,36,1872,1874,1912,1910
CQUAD4,2423,36,1874,1876,1914,1912
CQUAD4,2424,36,1876,1878,1916,1914
CQUAD4,2425,36,1878,1880,1918,1916
CQUAD4,2426,36,1880,1882,1920,1918
CQUAD4,2427,36,1882,1884,1922,1920
CQUAD4,2428,36,1884,1886,1924,1922
CQUAD4,2429,36,1886,1888,1926,1924
CQUAD4,2430,36,1888,1890,1928,1926
CQUAD4,2431,36,1890,1892,1930,1928
CQUAD4,2432,36,1892,1894,1932,1930
CQUAD4,2433,36,1894,1896,1934,1932
CQUAD4,2434,36,1896,1898,1936,1934
CQUAD4,2435,36,1898,1900,1938,1936
CQUAD4,2436,36,1900,965,966,1938
CQUAD4,2437,36,770,1902,1940,771
CQUAD4,2438,36,1902,1904,1942,1940
CQUAD4,2439,36,1904,1906,1944,1942
CQUAD4,2440,36,1906,1908,1946,1944
CQUAD4,2441,36,1908,1910,1948,1946
CQUAD4,2442,36,1910,1912,1950,1948
CQUAD4,2443,36,1912,1914,1952,1950
CQUAD4,2444,36,1914,1916,1954,1952
CQUAD4,2445,36,1916,1918,1956,1954
CQUAD4,2446,36,1918,1920,1958,1956
CQUAD4,2447,36,1920,1922,1960,1958
CQUAD4,2448,36,1922,1924,1962,1960
CQUAD4,2449,36,1924,1926,1964,1962
CQUAD4,2450,36,1926,1928,1966,1964
CQUAD4,2451,36,1928,1930,1968,1966
CQUAD4,2452,36,1930,1932,1970,1968
CQUAD4,2453,36,1932,1934,1972,1970
CQUAD4,2454,36,1934,1936,1974,1972
CQUAD4,2455,36,1936,1938,1976,1974
CQUAD4,2456,36,1938,966,967,1976
CQUAD4,2457,36,771,1940,1978,772
CQUAD4,2458,36,1940,1942,1980,1978
CQUAD4,2459,36,1942,1944,1982,1980
CQUAD4,2460,36,1944,1946,1984,1982
CQUAD4,2461,36,1946,1948,1986,1984
CQUAD4,2462,36,1948,1950,1988,1986
CQUAD4,2463,36,1950,1952,1990,1988
CQUAD4,2464,36,1952,1954,1992,1990
CQUAD4,2465,36,1954,1956,1994,1992
CQUAD4,2466,36,1956,1958,1996,1994
CQUAD4,2467,36,1958,1960,1998,1996
CQUAD4,2468,36,1960,1962,2000,1998
CQUAD4,2469,36,1962,1964,2002,2000
CQUAD4,2470,36,1964,1966,2004,2002
CQUAD4,2471,36,1966,1968,2006,2004
CQUAD4,2472,36,1968,1970,2008,2006
CQUAD4,2473,36,1970,1972,2010,2008
CQUAD4,2474,36,1972,1974,2012,2010
CQUAD4,2475,36,1974,1976,2014,2012
CQUAD4,2476,36,1976,967,968,2014
CQUAD4,2477,36,772,1978,317,316
CQUAD4,2478,36,1978,1980,318,317
CQUAD4,2479,36,1980,1982,319,318
CQUAD4,2480,36,1982,1984,320,319
CQUAD4,2481,36,1984,1986,321,320
CQUAD4,2482,36,1986,1988,322,321
CQUAD4,2483,36,1988,1990,323,322
CQUAD4,2484,36,1990,1992,324,323
CQUAD4,2485,36,1992,1994,325,324
CQUAD4,2486,36,1994,1996,326,325
CQUAD4,2487,36,1996,1998,327,326
CQUAD4,2488,36,1998,2000,328,327
CQUAD4,2489,36,2000,2002,329,328
CQUAD4,2490,36,2002,2004,330,329
CQUAD4,2491,36,2004,2006,331,330
CQUAD4,2492,36,2006,2008,332,331
CQUAD4,2493,36,2008,2010,333,332
CQUAD4,2494,36,2010,2012,334,333
CQUAD4,2495,36,2012,2014,335,334
CQUAD4,2496,36,2014,968,336,335
CQUAD4,2497,37,316,317,2016,791
CQUAD4,2498,37,317,318,2018,2016
CQUAD4,2499,37,318,319,2020,2018
CQUAD4,2500,37,319,320,2022,2020
CQUAD4,2501,37,320,321,2024,2022
CQUAD4,2502,37,321,322,2026,2024
CQUAD4,2503,37,322,323,2028,2026
CQUAD4,2504,37,323,324,2030,2028
CQUAD4,2505,37,324,325,2032,2030
CQUAD4,2506,37,325,326,2034,2032
CQUAD4,2507,37,326,327,2036,2034
CQUAD4,2508,37,327,328,2038,2036
CQUAD4,2509,37,328,329,2040,2038
CQUAD4,2510,37,329,330,2042,2040
CQUAD4,2511,37,330,331,2044,2042
CQUAD4,2512,37,331,332,2046,2044
CQUAD4,2513,37,332,333,2048,2046
CQUAD4,2514,37,333,334,2050,2048
CQUAD4,2515,37,334,335,2052,2050
CQUAD4,2516,37,335,336,987,2052
CQUAD4,2517,37,791,2016,2054,792
CQUAD4,2518,37,2016,2018,2056,2054
CQUAD4,2519,37,2018,2020,2058,2056
CQUAD4,2520,37,2020,2022,2060,2058
CQUAD4,2521,37,2022,2024,2062,2060
CQUAD4,2522,37,2024,2026,2064,2062
CQUAD4,2523,37,2026,2028,2066,2064
CQUAD4,2524,37,2028,2030,2068,2066
CQUAD4,2525,37,2030,2032,2070,2068
CQUAD4,2526,37,2032,2034,2072,2070
CQUAD4,2527,37,2034,2036,2074,2072
CQUAD4,2528,37,2036,2038,2076,2074
CQUAD4,2529,37,2038,2040,2078,2076
CQUAD4,2530,37,2040,2042,2080,2078
CQUAD4,2531,37,2042,2044,2082,2080
CQUAD4,2532,37,2044,2046,2084,2082
CQUAD4,2533,37,2046,2048,2086,2084
CQUAD4,2534,37,2048,2050,2088,2086
CQUAD4,2535,37,2050,2052,2090,2088
CQUAD4,2536,37,2052,987,988,2090
CQUAD4,2537,37,792,2054,2092,793
CQUAD4,2538,37,2054,2056,2094,2092
CQUAD4,2539,37,2056,2058,2096,2094
CQUAD4,2540,37,2058,2060,2098,2096
CQUAD4,2541,37,2060,2062,2100,2098
CQUAD4,2542,37,2062,2064,2102,2100
CQUAD4,2543,37,2064,2066,2104,2102
CQUAD4,2544,37,2066,2068,2106,2104
CQUAD4,2545,37,2068,2070,2108,2106
CQUAD4,2546,37,2070,2072,2110,2108
CQUAD4,2547,37,2072,2074,2112,2110
CQUAD4,2548,37,2074,2076,2114,2112
CQUAD4,2549,37,2076,2078,2116,2114
CQUAD4,2550,37,2078,2080,2118,2116
CQUAD4,2551,37,2080,2082,2120,2118
CQUAD4,2552,37,2082,2084,2122,2120
CQUAD4,2553,37,2084,2086,2124,2122
CQUAD4,2554,37,2086,2088,2126,2124
CQUAD4,2555,37,2088,2090,2128,2126
CQUAD4,2556,37,2090,988,989,2128
CQUAD4,2557,37,793,2092,2130,794
CQUAD4,2558,37,2092,2094,2132,2130
CQUAD4,2559,37,2094,2096,2134,2132
CQUAD4,2560,37,2096,2098,2136,2134
CQUAD4,2561,37,2098,2100,2138,2136
CQUAD4,2562,37,2100,2102,2140,2138
CQUAD4,2563,37,2102,2104,2142,2140
CQUAD4,2564,37,2104,2106,2144,2142
CQUAD4,2565,37,2106,2108,2146,2144
CQUAD4,2566,37,2108,2110,2148,2146
CQUAD4,2567,37,2110,2112,2150,2148
CQUAD4,2568,37,2112,2114,2152,2150
CQUAD4,2569,37,2114,2116,2154,2152
CQUAD4,2570,37,2116,2118,2156,2154
CQUAD4,2571,37,2118,2120,2158,2156
CQUAD4,2572,37,2120,2122,2160,2158
CQUAD4,2573,37,2122,2124,2162,2160
CQUAD4,2574,37,2124,2126,2164,2162
CQUAD4,2575,37,2126,2128,2166,2164
CQUAD4,2576,37,2128,989,990,2166
CQUAD4,2577,37,794,2130,2168,795
CQUAD4,2578,37,2130,2132,2170,2168
CQUAD4,2579,37,2132,2134,2172,2170
CQUAD4,2580,37,2134,2136,2174,2172
CQUAD4,2581,37,2136,2138,2176,2174
CQUAD4,2582,37,2138,2140,2178,2176
CQUAD4,2583,37,2140,2142,2180,2178
CQUAD4,2584,37,2142,2144,2182,2180
CQUAD4,2585,37,2144,2146,2184,2182
CQUAD4,2586,37,2146,2148,2186,2184
CQUAD4,2587,37,2148,2150,2188,2186
CQUAD4,2588,37,2150,2152,2190,2188
CQUAD4,2589,37,2152,2154,2192,2190
CQUAD4,2590,37,2154,2156,2194,2192
CQUAD4,2591,37,2156,2158,2196,2194
CQUAD4,2592,37,2158,2160,2198,2196
CQUAD4,2593,37,2160,2162,2200,2198
CQUAD4,2594,37,2162,2164,2202,2200
CQUAD4,2595,37,2164,2166,2204,2202
CQUAD4,2596,37,2166,990,991,2204
CQUAD4,2597,37,795,2168,2206,796
CQUAD4,2598,37,2168,2170,2208,2206
CQUAD4,2599,37,2170,2172,2210,2208
CQUAD4,2600,37,2172,2174,2212,2210
CQUAD4,2601,37,2174,2176,2214,2212
CQUAD4,2602,37,2176,2178,2216,2214
CQUAD4,2603,37,2178,2180,2218,2216
CQUAD4,2604,37,2180,2182,2220,2218
CQUAD4,2605,37,2182,2184,2222,2220
CQUAD4,2606,37,2184,2186,2224,2222
CQUAD4,2607,37,2186,2188,2226,2224
CQUAD4,2608,37,2188,2190,2228,2226
CQUAD4,2609,37,2190,2192,2230,2228
CQUAD4,2610,37,2192,2194,2232,2230
CQUAD4,2611,37,2194,2196,2234,2232
CQUAD4,2612,37,2196,2198,2236,2234
CQUAD4,2613,37,2198,2200,2238,2236
CQUAD4,2614,37,2200,2202,2240,2238
CQUAD4,2615,37,2202,2204,2242,2240
CQUAD4,2616,37,2204,991,992,2242
CQUAD4,2617,37,796,2206,401,400
CQUAD4,2618,37,2206,2208,402,401
CQUAD4,2619,37,2208,2210,403,402
CQUAD4,2620,37,2210,2212,404,403
CQUAD4,2621,37,2212,2214,405,404
CQUAD4,2622,37,2214,2216,406,405
CQUAD4,2623,37,2216,2218,407,406
CQUAD4,2624,37,2218,2220,408,407
CQUAD4,2625,37,2220,2222,409,408
CQUAD4,2626,37,2222,2224,410,409
CQUAD4,2627,37,2224,2226,411,410
CQUAD4,2628,37,2226,2228,412,411
CQUAD4,2629,37,2228,2230,413,412
CQUAD4,2630,37,2230,2232,414,413
CQUAD4,2631,37,2232,2234,415,414
CQUAD4,2632,37,2234,2236,416,415
CQUAD4,2633,37,2236,2238,417,416
CQUAD4,2634,37,2238,2240,418,417
CQUAD4,2635,37,2240,2242,419,418
CQUAD4,2636,37,2242,992,420,419
CQUAD4,2637,38,400,401,2244,815
CQUAD4,2638,38,401,402,2246,2244
CQUAD4,2639,38,402,403,2248,2246
CQUAD4,2640,38,403,404,2250,2248
CQUAD4,2641,38,404,405,2252,2250
CQUAD4,2642,38,405,406,2254,2252
CQUAD4,2643,38,406,407,2256,2254
CQUAD4,2644,38,407,408,2258,2256
CQUAD4,2645,38,408,409,2260,2258
CQUAD4,2646,38,409,410,2262,2260
CQUAD4,2647,38,410,411,2264,2262
CQUAD4,2648,38,411,412,2266,2264
CQUAD4,2649,38,412,413,2268,2266
CQUAD4,2650,38,413,414,2270,2268
CQUAD4,2651,38,414,415,2272,2270
CQUAD4,2652,38,415,416,2274,2272
CQUAD4,2653,38,416,417,2276,2274
CQUAD4,2654,38,417,418,2278,2276
CQUAD4,2655,38,418,419,2280,2278
CQUAD4,2656,38,419,420,1011,2280
CQUAD4,2657,38,815,2244,2282,816
CQUAD4,2658,38,2244,2246,2284,2282
CQUAD4,2659,38,2246,2248,2286,2284
CQUAD4,2660,38,2248,2250,2288,2286
CQUAD4,2661,38,2250,2252,2290,2288
CQUAD4,2662,38,2252,2254,2292,2290
CQUAD4,2663,38,2254,2256,2294,2292
CQUAD4,2664,38,2256,2258,2296,2294
CQUAD4,2665,38,2258,2260,2298,2296
CQUAD4,2666,38,2260,2262,2300,2298
CQUAD4,2667,38,2262,2264,2302,2300
CQUAD4,2668,38,2264,2266,2304,2302
CQUAD4,2669,38,2266,2268,2306,2304
CQUAD4,2670,38,2268,2270,2308,2306
CQUAD4,2671,38,2270,2272,2310,2308
CQUAD4,2672,38,2272,2274,2312,2310
CQUAD4,2673,38,2274,2276,2314,2312
CQUAD4,2674,38,2276,2278,2316,2314
CQUAD4,2675,38,2278,2280,2318,2316
CQUAD4,2676,38,2280,1011,1012,2318
CQUAD4,2677,38,816,2282,2320,817
CQUAD4,2678,38,2282,2284,2322,2320
CQUAD4,2679,38,2284,2286,2324,2322
CQUAD4,2680,38,2286,2288,2326,2324
CQUAD4,2681,38,2288,2290,2328,2326
CQUAD4,2682,38,2290,2292,2330,2328
CQUAD4,2683,38,2292,2294,2332,2330
CQUAD4,2684,38,2294,2296,2334,2332
CQUAD4,2685,38,2296,2298,2336,2334
CQUAD4,2686,38,2298,2300,2338,2336
CQUAD4,2687,38,2300,2302,2340,2338
CQUAD4,2688,38,2302,2304,2342,2340
CQUAD4,2689,38,2304,2306,2344,2342
CQUAD4,2690,38,2306,2308,2346,2344
CQUAD4,2691,38,2308,2310,2348,2346
CQUAD4,2692,38,2310,2312,2350,2348
CQUAD4,2693,38,2312,2314,2352,2350
CQUAD4,2694,38,2314,2316,2354,2352
CQUAD4,2695,38,2316,2318,2356,2354
CQUAD4,2696,38,2318,1012,1013,2356
CQUAD4,2697,38,817,2320,2358,818
CQUAD4,2698,38,2320,2322,2360,2358
CQUAD4,2699,38,2322,2324,2362,2360
CQUAD4,2700,38,2324,2326,2364,2362
CQUAD4,2701,38,2326,2328,2366,2364
CQUAD4,2702,38,2328,2330,2368,2366
CQUAD4,2703,38,2330,2332,2370,2368
CQUAD4,2704,38,2332,2334,2372,2370
CQUAD4,2705,38,2334,2336,2374,2372
CQUAD4,2706,38,2336,2338,2376,2374
CQUAD4,2707,38,2338,2340,2378,2376
CQUAD4,2708,38,2340,2342,2380,2378
CQUAD4,2709,38,2342,2344,2382,2380
CQUAD4,2710,38,2344,2346,2384,2382
CQUAD4,2711,38,2346,2348,2386,2384
CQUAD4,2712,38,2348,2350,2388,2386
CQUAD4,2713,38,2350,2352,2390,2388
CQUAD4,2714,38,2352,2354,2392,2390
CQUAD4,2715,38,2354,2356,2394,2392
CQUAD4,2716,38,2356,1013,1014,2394
CQUAD4,2717,38,818,2358,2396,819
CQUAD4,2718,38,2358,2360,2398,2396
CQUAD4,2719,38,2360,2362,2400,2398
CQUAD4,2720,38,2362,2364,2402,2400
CQUAD4,2721,38,2364,2366,2404,2402
CQUAD4,2722,38,2366,2368,2406,2404
CQUAD4,2723,38,2368,2370,2408,2406
CQUAD4,2724,38,2370,2372,2410,2408
CQUAD4,2725,38,2372,2374,2412,2410
CQUAD4,2726,38,2374,2376,2414,2412
CQUAD4,2727,38,2376,2378,2416,2414
CQUAD4,2728,38,2378,2380,2418,2416
CQUAD4,2729,38,2380,2382,2420,2418
CQUAD4,2730,38,2382,2384,2422,2420
CQUAD4,2731,38,2384,2386,2424,2422
CQUAD4,2732,38,2386,2388,2426,2424
CQUAD4,2733,38,2388,2390,2428,2426
CQUAD4,2734,38,2390,2392,2430,2428
CQUAD4,2735,38,2392,2394,2432,2430
CQUAD4,2736,38,2394,1014,1015,2432
CQUAD4,2737,38,819,2396,2434,820
CQUAD4,2738,38,2396,2398,2436,2434
CQUAD4,2739,38,2398,2400,2438,2436
CQUAD4,2740,38,2400,2402,2440,2438
CQUAD4,2741,38,2402,2404,2442,2440
CQUAD4,2742,38,2404,2406,2444,2442
CQUAD4,2743,38,2406,2408,2446,2444
CQUAD4,2744,38,2408,2410,2448,2446
CQUAD4,2745,38,2410,2412,2450,2448
CQUAD4,2746,38,2412,2414,2452,2450
CQUAD4,2747,38,2414,2416,2454,2452
CQUAD4,2748,38,2416,2418,2456,2454
CQUAD4,2749,38,2418,2420,2458,2456
CQUAD4,2750,38,2420,2422,2460,2458
CQUAD4,2751,38,2422,2424,2462,2460
CQUAD4,2752,38,2424,2426,2464,2462
CQUAD4,2753,38,2426,2428,2466,2464
CQUAD4,2754,38,2428,2430,2468,2466
CQUAD4,2755,38,2430,2432,2470,2468
CQUAD4,2756,38,2432,1015,1016,2470
CQUAD4,2757,38,820,2434,485,484
CQUAD4,2758,38,2434,2436,486,485
CQUAD4,2759,38,2436,2438,487,486
CQUAD4,2760,38,2438,2440,488,487
CQUAD4,2761,38,2440,2442,489,488
CQUAD4,2762,38,2442,2444,490,489
CQUAD4,2763,38,2444,2446,491,490
CQUAD4,2764,38,2446,2448,492,491
CQUAD4,2765,38,2448,2450,493,492
CQUAD4,2766,38,2450,2452,494,493
CQUAD4,2767,38,2452,2454,495,494
CQUAD4,2768,38,2454,2456,496,495
CQUAD4,2769,38,2456,2458,497,496
CQUAD4,2770,38,2458,2460,498,497
CQUAD4,2771,38,2460,2462,499,498
CQUAD4,2772,38,2462,2464,500,499
CQUAD4,2773,38,2464,2466,501,500
CQUAD4,2774,38,2466,2468,502,501
CQUAD4,2775,38,2468,2470,503,502
CQUAD4,2776,38,2470,1016,504,503
CQUAD4,2777,39,484,485,2472,839
CQUAD4,2778,39,485,486,2474,2472
CQUAD4,2779,39,486,487,2476,2474
CQUAD4,2780,39,487,488,2478,2476
CQUAD4,2781,39,488,489,2480,2478
CQUAD4,2782,39,489,490,2482,2480
CQUAD4,2783,39,490,491,2484,2482
CQUAD4,2784,39,491,492,2486,2484
CQUAD4,2785,39,492,493,2488,2486
CQUAD4,2786,39,493,494,2490,2488
CQUAD4,2787,39,494,495,2492,2490
CQUAD4,2788,39,495,496,2494,2492
CQUAD4,2789,39,496,497,2496,2494
CQUAD4,2790,39,497,498,2498,2496
CQUAD4,2791,39,498,499,2500,2498
CQUAD4,2792,39,499,500,2502,2500
CQUAD4,2793,39,500,501,2504,2502
CQUAD4,2794,39,501,502,2506,2504
CQUAD4,2795,39,502,503,2508,2506
CQUAD4,2796,39,503,504,1035,2508
CQUAD4,2797,39,839,2472,2510,840
CQUAD4,2798,39,2472,2474,2512,2510
CQUAD4,2799,39,2474,2476,2514,2512
CQUAD4,2800,39,2476,2478,2516,2514
CQUAD4,2801,39,2478,2480,2518,2516
CQUAD4,2802,39,2480,2482,2520,2518
CQUAD4,2803,39,2482,2484,2522,2520
CQUAD4,2804,39,2484,2486,2524,2522
CQUAD4,2805,39,2486,2488,2526,2524
CQUAD4,2806,39,2488,2490,2528,2526
CQUAD4,2807,39,2490,2492,2530,2528
CQUAD4,2808,39,2492,2494,2532,2530
CQUAD4,2809,39,2494,2496,2534,2532
CQUAD4,2810,39,2496,2498,2536,2534
CQUAD4,2811,39,2498,2500,2538,2536
CQUAD4,2812,39,2500,2502,2540,2538
CQUAD4,2813,39,2502,2504,2542,2540
CQUAD4,2814,39,2504,2506,2544,2542
CQUAD4,2815,39,2506,2508,2546,2544
CQUAD4,2816,39,2508,1035,1036,2546
CQUAD4,2817,39,840,2510,2548,841
CQUAD4,2818,39,2510,2512,2550,2548
CQUAD4,2819,39,2512,2514,2552,2550
CQUAD4,2820,39,2514,2516,2554,2552
CQUAD4,2821,39,2516,2518,2556,2554
CQUAD4,2822,39,2518,2520,2558,2556
CQUAD4,2823,39,2520,2522,2560,2558
CQUAD4,2824,39,2522,2524,2562,2560
CQUAD4,2825,39,2524,2526,2564,2562
CQUAD4,2826,39,2526,2528,2566,2564
CQUAD4,2827,39,2528,2530,2568,2566
CQUAD4,2828,39,2530,2532,2570,2568
CQUAD4,2829,39,2532,2534,2572,2570
CQUAD4,2830,39,2534,2536,2574,2572
CQUAD4,2831,39,2536,2538,2576,2574
CQUAD4,2832,39,2538,2540,2578,2576
CQUAD4,2833,39,2540,2542,2580,2578
CQUAD4,2834,39,2542,2544,2582,2580
CQUAD4,2835,39,2544,2546,2584,2582
CQUAD4,2836,39,2546,1036,1037,2584
CQUAD4,2837,39,841,2548,2586,842
CQUAD4,2838,39,2548,2550,2588,2586
CQUAD4,2839,39,2550,2552,2590,2588
CQUAD4,2840,39,2552,2554,2592,2590
CQUAD4,2841,39,2554,2556,2594,2592
CQUAD4,2842,39,2556,2558,2596,2594
CQUAD4,2843,39,2558,2560,2598,2596
CQUAD4,2844,39,2560,2562,2600,2598
CQUAD4,2845,39,2562,2564,2602,2600
CQUAD4,2846,39,2564,2566,2604,2602
CQUAD4,2847,39,2566,2568,2606,2604
CQUAD4,2848,39,2568,2570,2608,2606
CQUAD4,2849,39,2570,2572,2610,2608
CQUAD4,2850,39,2572,2574,2612,2610
CQUAD4,2851,39,2574,2576,2614,2612
CQUAD4,2852,39,2576,2578,2616,2614
CQUAD4,2853,39,2578,2580,2618,2616
CQUAD4,2854,39,2580,2582,2620,2618
CQUAD4,2855,39,2582,2584,2622,2620
CQUAD4,2856,39,2584,1037,1038,2622
CQUAD4,2857,39,842,2586,2624,843
CQUAD4,2858,39,2586,2588,2626,2624
CQUAD4,2859,39,2588,2590,2628,2626
CQUAD4,2860,39,2590,2592,2630,2628
CQUAD4,2861,39,2592,2594,2632,2630
CQUAD4,2862,39,2594,2596,2634,2632
CQUAD4,2863,39,2596,2598,2636,2634
CQUAD4,2864,39,2598,2600,2638,2636
CQUAD4,2865,39,2600,2602,2640,2638
CQUAD4,2866,39,2602,2604,2642,2640
CQUAD4,2867,39,2604,2606,2644,2642
CQUAD4,2868,39,2606,2608,2646,2644
CQUAD4,2869,39,2608,2610,2648,2646
CQUAD4,2870,39,2610,2612,2650,2648
CQUAD4,2871,39,2612,2614,2652,2650
CQUAD4,2872,39,2614,2616,2654,2652
CQUAD4,2873,39,2616,2618,2656,2654
CQUAD4,2874,39,2618,2620,2658,2656
CQUAD4,2875,39,2620,2622,2660,2658
CQUAD4,2876,39,2622,1038,1039,2660
CQUAD4,2877,39,843,2624,2662,844
CQUAD4,2878,39,2624,2626,2664,2662
CQUAD4,2879,39,2626,2628,2666,2664
CQUAD4,2880,39,2628,2630,2668,2666
CQUAD4,2881,39,2630,2632,2670,2668
CQUAD4,2882,39,2632,2634,2672,2670
CQUAD4,2883,39,2634,2636,2674,2672
CQUAD4,2884,39,2636,2638,2676,2674
CQUAD4,2885,39,2638,2640,2678,2676
CQUAD4,2886,39,2640,2642,2680,2678
CQUAD4,2887,39,2642,2644,2682,2680
CQUAD4,2888,39,2644,2646,2684,2682
CQUAD4,2889,39,2646,2648,2686,2684
CQUAD4,2890,39,2648,2650,2688,2686
CQUAD4,2891,39,2650,2652,2690,2688
CQUAD4,2892,39,2652,2654,2692,2690
CQUAD4,2893,39,2654,2656,2694,2692
CQUAD4,2894,39,2656,2658,2696,2694
CQUAD4,2895,39,2658,2660,2698,2696
CQUAD4,2896,39,2660,1039,1040,2698
CQUAD4,2897,39,844,2662,569,568
CQUAD4,2898,39,2662,2664,570,569
CQUAD4,2899,39,2664,2666,571,570
CQUAD4,2900,39,2666,2668,572,571
CQUAD4,2901,39,2668,2670,573,572
CQUAD4,2902,39,2670,2672,574,573
CQUAD4,2903,39,2672,2674,575,574
CQUAD4,2904,39,2674,2676,576,575
CQUAD4,2905,39,2676,2678,577,576
CQUAD4,2906,39,2678,2680,578,577
CQUAD4,2907,39,2680,2682,579,578
CQUAD4,2908,39,2682,2684,580,579
CQUAD4,2909,39,2684,2686,581,580
CQUAD4,2910,39,2686,2688,582,581
CQUAD4,2911,39,2688,2690,583,582
CQUAD4,2912,39,2690,2692,584,583
CQUAD4,2913,39,2692,2694,585,584
CQUAD4,2914,39,2694,2696,586,585
CQUAD4,2915,39,2696,2698,587,586
CQUAD4,2916,39,2698,1040,588,587
CQUAD4,2917,40,568,569,2700,863
CQUAD4,2918,40,569,570,2702,2700
CQUAD4,2919,40,570,571,2704,2702
CQUAD4,2920,40,571,572,2706,2704
CQUAD4,2921,40,572,573,2708,2706
CQUAD4,2922,40,573,574,2710,2708
CQUAD4,2923,40,574,575,2712,2710
CQUAD4,2924,40,575,576,2714,2712
CQUAD4,2925,40,576,577,2716,2714
CQUAD4,2926,40,577,578,2718,2716
CQUAD4,2927,40,578,579,2720,2718
CQUAD4,2928,40,579,580,2722,2720
CQUAD4,2929,40,580,581,2724,2722
CQUAD4,2930,40,581,582,2726,2724
CQUAD4,2931,40,582,583,2728,2726
CQUAD4,2932,40,583,584,2730,2728
CQUAD4,2933,40,584,585,2732,2730
CQUAD4,2934,40,585,586,2734,2732
CQUAD4,2935,40,586,587,2736,2734
CQUAD4,2936,40,587,588,1059,2736
CQUAD4,2937,40,863,2700,2738,864
CQUAD4,2938,40,2700,2702,2740,2738
CQUAD4,2939,40,2702,2704,2742,2740
CQUAD4,2940,40,2704,2706,2744,2742
CQUAD4,2941,40,2706,2708,2746,2744
CQUAD4,2942,40,2708,2710,2748,2746
CQUAD4,2943,40,2710,2712,2750,2748
CQUAD4,2944,40,2712,2714,2752,2750
CQUAD4,2945,40,2714,2716,2754,2752
CQUAD4,2946,40,2716,2718,2756,2754
CQUAD4,2947,40,2718,2720,2758,2756
CQUAD4,2948,40,2720,2722,2760,2758
CQUAD4,2949,40,2722,2724,2762,2760
CQUAD4,2950,40,2724,2726,2764,2762
CQUAD4,2951,40,2726,2728,2766,2764
CQUAD4,2952,40,2728,2730,2768,2766
CQUAD4,2953,40,2730,2732,2770,2768
CQUAD4,2954,40,2732,2734,2772,2770
CQUAD4,2955,40,2734,2736,2774,2772
CQUAD4,2956,40,2736,1059,1060,2774
CQUAD4,2957,40,864,2738,2776,865
CQUAD4,2958,40,2738,2740,2778,2776
CQUAD4,2959,40,2740,2742,2780,2778
CQUAD4,2960,40,2742,2744,2782,2780
CQUAD4,2961,40,2744,2746,2784,2782
CQUAD4,2962,40,2746,2748,2786,2784
CQUAD4,2963,40,2748,2750,2788,2786
CQUAD4,2964,40,2750,2752,2790,2788
CQUAD4,2965,40,2752,2754,2792,2790
CQUAD4,2966,40,2754,2756,2794,2792
CQUAD4,2967,40,2756,2758,2796,2794
CQUAD4,2968,40,2758,2760,2798,2796
CQUAD4,2969,40,2760,2762,2800,2798
CQUAD4,2970,40,2762,2764,2802,2800
CQUAD4,2971,40,2764,2766,2804,2802
CQUAD4,2972,40,2766,2768,2806,2804
CQUAD4,2973,40,2768,2770,2808,2806
CQUAD4,2974,40,2770,2772,2810,2808
CQUAD4,2975,40,2772,2774,2812,2810
CQUAD4,2976,40,2774,1060,1061,2812
CQUAD4,2977,40,865,2776,2814,866
CQUAD4,2978,40,2776,2778,2816,2814
CQUAD4,2979,40,2778,2780,2818,2816
CQUAD4,2980,40,2780,2782,2820,2818
CQUAD4,2981,40,2782,2784,2822,2820
CQUAD4,2982,40,2784,2786,2824,2822
CQUAD4,2983,40,2786,2788,2826,2824
CQUAD4,2984,40,2788,2790,2828,2826
CQUAD4,2985,40,2790,2792,2830,2828
CQUAD4,2986,40,2792,2794,2832,2830
CQUAD4,2987,40,2794,2796,2834,2832
CQUAD4,2988,40,2796,2798,2836,2834
CQUAD4,2989,40,2798,2800,2838,2836
CQUAD4,2990,40,2800,2802,2840,2838
CQUAD4,2991,40,2802,2804,2842,2840
CQUAD4,2992,40,2804,2806,2844,2842
CQUAD4,2993,40,2806,2808,2846,2844
CQUAD4,2994,40,2808,2810,2848,2846
CQUAD4,2995,40,2810,2812,2850,2848
CQUAD4,2996,40,2812,1061,1062,2850
CQUAD4,2997,40,866,2814,2852,867
CQUAD4,2998,40,2814,2816,2854,2852
CQUAD4,2999,40,2816,2818,2856,2854
CQUAD4,3000,40,2818,2820,2858,2856
CQUAD4,3001,40,2820,2822,2860,2858
CQUAD4,3002,40,2822,2824,2862,2860
CQUAD4,3003,40,2824,2826,2864,2862
CQUAD4,3004,40,2826,2828,2866,2864
CQUAD4,3005,40,2828,2830,2868,2866
CQUAD4,3006,40,2830,2832,2870,2868
CQUAD4,3007,40,2832,2834,2872,2870
CQUAD4,3008,40,2834,2836,2874,2872
CQUAD4,3009,40,2836,2838,2876,2874
CQUAD4,3010,40,2838,2840,2878,2876
CQUAD4,3011,40,2840,2842,2880,2878
CQUAD4,3012,40,2842,2844,2882,2880
CQUAD4,3013,40,2844,2846,2884,2882
CQUAD4,3014,40,2846,2848,2886,2884
CQUAD4,3015,40,2848,2850,2888,2886
CQUAD4,3016,40,2850,1062,1063,2888
CQUAD4,3017,40,867,2852,2890,868
CQUAD4,3018,40,2852,2854,2892,2890
CQUAD4,3019,40,2854,2856,2894,2892
CQUAD4,3020,40,2856,2858,2896,2894
CQUAD4,3021,40,2858,2860,2898,2896
CQUAD4,3022,40,2860,2862,2900,2898
CQUAD4,3023,40,2862,2864,2902,2900
CQUAD4,3024,40,2864,2866,2904,2902
CQUAD4,3025,40,2866,2868,2906,2904
CQUAD4,3026,40,2868,2870,2908,2906
CQUAD4,3027,40,2870,2872,2910,2908
CQUAD4,3028,40,2872,2874,2912,2910
CQUAD4,3029,40,2874,2876,2914,2912
CQUAD4,3030,40,2876,2878,2916,2914
CQUAD4,3031,40,2878,2880,2918,2916
CQUAD4,3032,40,2880,2882,2920,2918
CQUAD4,3033,40,2882,2884,2922,2920
CQUAD4,3034,40,2884,2886,2924,2922
CQUAD4,3035,40,2886,2888,2926,2924
CQUAD4,3036,40,2888,1063,1064,2926
CQUAD4,3037,40,868,2890,653,652
CQUAD4,3038,40,2890,2892,654,653
CQUAD4,3039,40,2892,2894,655,654
CQUAD4,3040,40,2894,2896,656,655
CQUAD4,3041,40,2896,2898,657,656
CQUAD4,3042,40,2898,2900,658,657
CQUAD4,3043,40,2900,2902,659,658
CQUAD4,3044,40,2902,2904,660,659
CQUAD4,3045,40,2904,2906,661,660
CQUAD4,3046,40,2906,2908,662,661
CQUAD4,3047,40,2908,2910,663,662
CQUAD4,3048,40,2910,2912,664,663
CQUAD4,3049,40,2912,2914,665,664
CQUAD4,3050,40,2914,2916,666,665
CQUAD4,3051,40,2916,2918,667,666
CQUAD4,3052,40,2918,2920,668,667
CQUAD4,3053,40,2920,2922,669,668
CQUAD4,3054,40,2922,2924,670,669
CQUAD4,3055,40,2924,2926,671,670
CQUAD4,3056,40,2926,1064,672,671
SPC,1,673,123456,0.0
SPC,1,680,123456,0.0
SPC,1,687,123456,0.0
SPC,1,694,123456,0.0
SPC,1,869,123456,0.0
SPC,1,876,123456,0.0
SPC,1,883,123456,0.0
SPC,1,890,123456,0.0
SPC,1,1065,123456,0.0
SPC,1,1066,123456,0.0
SPC,1,1067,123456,0.0
SPC,1,1068,123456,0.0
SPC,1,1069,123456,0.0
SPC,1,1070,123456,0.0
SPC,1,1071,123456,0.0
SPC,1,1072,123456,0.0
SPC,1,1073,123456,0.0
SPC,1,1074,123456,0.0
SPC,1,1075,123456,0.0
SPC,1,1076,123456,0.0
SPC,1,1077,123456,0.0
SPC,1,1078,123456,0.0
SPC,1,1079,123456,0.0
SPC,1,1080,123456,0.0
SPC,1,1081,123456,0.0
SPC,1,1082,123456,0.0
SPC,1,1083,123456,0.0
SPC,1,1084,123456,0.0
SPC,1,1085,123456,0.0
SPC,1,1086,123456,0.0
SPC,1,1087,123456,0.0
SPC,1,1088,123456,0.0
SPC,1,1089,123456,0.0
SPC,1,1090,123456,0.0
SPC,1,1091,123456,0.0
SPC,1,1092,123456,0.0
SPC,1,1093,123456,0.0
SPC,1,1094,123456,0.0
SPC,1,1095,123456,0.0
SPC,1,1096,123456,0.0
SPC,1,1097,123456,0.0
SPC,1,1098,123456,0.0
SPC,1,1099,123456,0.0
SPC,1,1100,123456,0.0
SPC,1,1101,123456,0.0
SPC,1,1102,123456,0.0
ENDDATA
